document_id,file_name,file_type,authority,document_type,instrument_kind,title,primary_issue_type,scope,source_priority,page_count,sha256,extraction_status,processing_status,status,document_family,publication_date,human_review_required,local_file_path
bse-checklist-direct-listing-3157e150,BSE_Checklist_Direct_Listing.doc,doc,BSE,CHECKLIST,CHECKLIST,"CHECKLIST FOR LISTING COMPANIES, UNDER DIRECT LISTING",PREFERENTIAL,COMPANY,P2,1,3157e150399fd66de84e2133b4f34187c0bb1296fb8a7d2c848c0766baff8cfb,NOT_STARTED,PENDING_EXTRACTION,ACTIVE,,,False,fetched/BSE_Checklist_Direct_Listing.doc
bse-faq-on-listing-facc6804,BSE_FAQ_on_Listing.pdf,pdf,BSE,FAQ,FAQ,FREQUENTLY ASKED QUESTIONS,UNKNOWN,COMPANY,P1,7,facc680463cca862f41352683b241496404297b4a0e639bee29d8a8b916fbd30,NOT_STARTED,PENDING_EXTRACTION,ACTIVE,,,True,fetched/BSE_FAQ_on_Listing.pdf
bse-inprinciple-privateplacement-debtinstruments-bb498266,BSE_InPrinciple_PrivatePlacement_DebtInstruments.doc,doc,BSE,CHECKLIST,CHECKLIST,Documents / Information for in-principle approval of Private Placement Issue of Debt (PPDI),PRIVATE_PLACEMENT,COMPANY,P2,1,bb498266265ab68bd669fb48933bfd12fadfee628053e0aeb95e0f1cefe60a99,NOT_STARTED,PENDING_EXTRACTION,ACTIVE,,,False,fetched/BSE_InPrinciple_PrivatePlacement_DebtInstruments.doc
bse-post-issue-checklist-1d331cda,BSE_Post_Issue_Checklist.doc,doc,BSE,CHECKLIST,CHECKLIST,"Documents required for granting listing approvals, for the securities issued under Institutional Placement Programme (IPP) - Post Allotment",GENERAL,COMPANY,P2,1,1d331cdaed32bf1ba7740902cad675ea7d72e89083a02a7539baf7881e6b089c,NOT_STARTED,PENDING_EXTRACTION,ACTIVE,,,False,fetched/BSE_Post_Issue_Checklist.doc
sebi-mc-20081219-pdf-class-points-master-circula-5d760fe9,SEBI_MC_20081219_PDF_class_points_Master_Circular_on_Anti_Money_Laundering_and_Combatin.pdf,pdf,SEBI,MASTER_CIRCULAR,CIRCULAR,Master Circular on Anti Money Laundering and Combating Financing of Terrorism (AML and CFT) Standards,GENERAL,COMPANY,P1,34,5d760fe90913544b449c60dad13f3a4c58d417e0b127268788f11301b24538ce,NOT_STARTED,PENDING_EXTRACTION,ACTIVE,anti money laundering and combating financing of terrorism aml and cft standard,2008-12-19,False,fetched/sebi_master_circulars/SEBI_MC_20081219_PDF_class_points_Master_Circular_on_Anti_Money_Laundering_and_Combatin.pdf
sebi-mc-20100101-master-circular-mutual-funds-49ce803e,SEBI_MC_20100101_Master_Circular_Mutual_Funds.pdf,pdf,SEBI,MASTER_CIRCULAR,CIRCULAR,Master Circular-Mutual Funds,GENERAL,COMPANY,P1,140,49ce803e15280c1dde50a166593e7e5728f8c89a796d40e6ccb1a811776f7207,NOT_STARTED,DEFERRED,SUPERSEDED,mutual fund,2010-01-01,False,fetched/sebi_master_circulars/SEBI_MC_20100101_Master_Circular_Mutual_Funds.pdf
sebi-mc-20100212-master-circular-on-anti-money-l-c921adf7,SEBI_MC_20100212_Master_Circular_on_Anti_Money_Laundering_AML_and_Combating_Financing_o.pdf,pdf,SEBI,MASTER_CIRCULAR,CIRCULAR,Master Circular on Anti-Money Laundering (AML) and Combating Financing of Terrorism (CFT) Standards,GENERAL,COMPANY,P1,37,c921adf761c9f967509eb4ccd156999cba87a3582655c1df2bde7a597345325f,NOT_STARTED,PENDING_EXTRACTION,ACTIVE,anti money laundering and combating financing of terrorism standard,2010-02-12,False,fetched/sebi_master_circulars/SEBI_MC_20100212_Master_Circular_on_Anti_Money_Laundering_AML_and_Combating_Financing_o.pdf
sebi-mc-20100317-master-circular-on-oversight-of-c925dabd,SEBI_MC_20100317_Master_Circular_on_Oversight_of_Members_Stock_Brokers_Trading_Members.pdf,pdf,SEBI,MASTER_CIRCULAR,CIRCULAR,Master Circular on Oversight of Members (Stock Brokers/Trading Members/Clearing Members of any Segment of Stock Exchanges and Clearing Corporations),GENERAL,COMPANY,P1,5,c925dabd97b813f482cf3efce5f28b99a4584d7d6c6746bcafd34e4c6765a415,NOT_STARTED,PENDING_EXTRACTION,ACTIVE,oversight of member stock broker trading member clearing member of any segment of stock exchange and clearing corporation,2010-03-17,False,fetched/sebi_master_circulars/SEBI_MC_20100317_Master_Circular_on_Oversight_of_Members_Stock_Brokers_Trading_Members.pdf
sebi-mc-20100406-master-circular-for-depositorie-29a7dc2f,SEBI_MC_20100406_Master_Circular_for_Depositories.pdf,pdf,SEBI,MASTER_CIRCULAR,CIRCULAR,Master Circular for Depositories,UNKNOWN,COMPANY,P1,33,29a7dc2f9ccd8ec80ef7cd2e9fb053c8730f6a1c435884b51328b74448f4fc35,NOT_STARTED,DEFERRED,SUPERSEDED,depositorie,2010-04-06,True,fetched/sebi_master_circulars/SEBI_MC_20100406_Master_Circular_for_Depositories.pdf
sebi-mc-20100406-master-circular-for-stock-excha-20568e44,SEBI_MC_20100406_Master_Circular_for_Stock_Exchange_Cash_Market.pdf,pdf,SEBI,MASTER_CIRCULAR,CIRCULAR,Master Circular for Stock Exchange - Cash Market,GENERAL,COMPANY,P1,41,20568e44fc46f65d3b7053d518e4453f7bc34c5c1901f9e832034d7224a6172a,NOT_STARTED,DEFERRED,SUPERSEDED,stock exchange cash market,2010-04-06,False,fetched/sebi_master_circulars/SEBI_MC_20100406_Master_Circular_for_Stock_Exchange_Cash_Market.pdf
sebi-mc-20100406-master-circular-on-allotment-of-926569e5,SEBI_MC_20100406_Master_Circular_on_Allotment_of_codes_to_Stock_Exchanges_Subsidiary_ma.pdf,pdf,SEBI,MASTER_CIRCULAR,CIRCULAR,"Master Circular on Allotment of codes to Stock Exchanges, Subsidiary management by Stock Exchanges, Governance of recognised Stock Exchanges and Arbitration in recognised Stock Exchanges",GENERAL,COMPANY,P1,19,926569e5610b0a881b59aa602436c2311969cdec387b4fcb2e6fe71d57d43a85,NOT_STARTED,PENDING_EXTRACTION,ACTIVE,allotment of code to stock exchange subsidiary management by stock exchange governance of recognised stock exchange and arbitration in recognised stock exchange,2010-04-06,False,fetched/sebi_master_circulars/SEBI_MC_20100406_Master_Circular_on_Allotment_of_codes_to_Stock_Exchanges_Subsidiary_ma.pdf
sebi-mc-20101231-aml-cft-master-circular-ca09660c,SEBI_MC_20101231_AML_CFT_Master_Circular.pdf,pdf,SEBI,MASTER_CIRCULAR,CIRCULAR,AML/CFT- Master Circular,GENERAL,COMPANY,P1,38,ca09660c8280acd0a150ed23d9adf753b07dd4af4f04aaf3b43571e206e93afe,NOT_STARTED,PENDING_EXTRACTION,ACTIVE,aml cft,2010-12-31,False,fetched/sebi_master_circulars/SEBI_MC_20101231_AML_CFT_Master_Circular.pdf
sebi-mc-20101231-master-circular-for-depositorie-ae1c000e,SEBI_MC_20101231_Master_Circular_for_Depositories.pdf,pdf,SEBI,MASTER_CIRCULAR,CIRCULAR,Master Circular for Depositories,UNKNOWN,COMPANY,P1,53,ae1c000e304afd9b86ab5893a387c501f51b4b39c0d7f0d81224e85ed07f55d1,NOT_STARTED,DEFERRED,SUPERSEDED,depositorie,2010-12-31,True,fetched/sebi_master_circulars/SEBI_MC_20101231_Master_Circular_for_Depositories.pdf
sebi-mc-20101231-master-circular-for-stock-excha-44afcaa7,SEBI_MC_20101231_Master_Circular_for_Stock_Exchange_Cash_Market.pdf,pdf,SEBI,MASTER_CIRCULAR,CIRCULAR,Master Circular for Stock Exchange - Cash Market,GENERAL,COMPANY,P1,1,44afcaa7107bb2beadebb7734edeceef222659f21d43a018d27396c88eb042c9,NOT_STARTED,DEFERRED,SUPERSEDED,stock exchange cash market,2010-12-31,False,fetched/sebi_master_circulars/SEBI_MC_20101231_Master_Circular_for_Stock_Exchange_Cash_Market.pdf
sebi-mc-20101231-master-circular-for-stock-excha-21c2209c,SEBI_MC_20101231_Master_Circular_for_Stock_Exchanges_and_Depositories.pdf,pdf,SEBI,MASTER_CIRCULAR,CIRCULAR,Master Circular for Stock Exchanges and Depositories,PUBLIC_ISSUE,COMPANY,P1,11,21c2209c4fae21eb4229b22e5e5a4bcbcaef55779871e7aee7c566d033293a98,NOT_STARTED,PENDING_EXTRACTION,ACTIVE,stock exchange and depositorie,2010-12-31,False,fetched/sebi_master_circulars/SEBI_MC_20101231_Master_Circular_for_Stock_Exchanges_and_Depositories.pdf
sebi-mc-20101231-master-circular-on-administrati-cd9240f4,SEBI_MC_20101231_Master_Circular_on_Administration_of_Stock_Exchanges_Arbitration_in_re.pdf,pdf,SEBI,MASTER_CIRCULAR,CIRCULAR,"Master Circular on Administration of Stock Exchanges, Arbitration in recognised Stock Exchanges and Stock Exchanges / trading platform for Small & Medium Enterprises including guidelines for Market Makers",GENERAL,COMPANY,P1,35,cd9240f4ed257e9bde65a0b0e3747fbc4ff464f3def42ac12af066f46b05314e,NOT_STARTED,PENDING_EXTRACTION,ACTIVE,administration of stock exchange arbitration in recognised stock exchange and stock exchange trading platform for small medium enterprise including guideline for market maker,2010-12-31,False,fetched/sebi_master_circulars/SEBI_MC_20101231_Master_Circular_on_Administration_of_Stock_Exchanges_Arbitration_in_re.pdf
sebi-mc-20101231-master-circular-for-exchange-tr-54367f48,SEBI_MC_20101231_Master_circular_for_Exchange_Traded_Derivatives.pdf,pdf,SEBI,MASTER_CIRCULAR,CIRCULAR,Master circular for Exchange Traded Derivatives,GENERAL,COMPANY,P1,142,54367f487c075b4bc43265392aaeff4c0ffe9e15181b07a947fbef4f27d27932,NOT_STARTED,PENDING_EXTRACTION,ACTIVE,exchange traded derivative,2010-12-31,False,fetched/sebi_master_circulars/SEBI_MC_20101231_Master_circular_for_Exchange_Traded_Derivatives.pdf
sebi-mc-20110107-master-circular-for-mutual-fund-17da6270,SEBI_MC_20110107_Master_Circular_for_Mutual_Funds.pdf,pdf,SEBI,MASTER_CIRCULAR,CIRCULAR,Master Circular for Mutual Funds,GENERAL,COMPANY,P1,152,17da6270df5f054dfac0f6b3c682f211652092988fb75b41b991a717c714f6e5,NOT_STARTED,DEFERRED,SUPERSEDED,mutual fund,2011-01-07,False,fetched/sebi_master_circulars/SEBI_MC_20110107_Master_Circular_for_Mutual_Funds.pdf
sebi-mc-20120102-master-circular-on-matters-rela-944234e1,SEBI_MC_20120102_Master_Circular_on_Matters_relating_to_Exchange_Traded_Derivatives.pdf,pdf,SEBI,MASTER_CIRCULAR,CIRCULAR,Master Circular on Matters relating to Exchange Traded Derivatives,GENERAL,COMPANY,P1,167,944234e13bb0a95a8141c226fe9392264c6a4c6758087d944aca2a2b5caae26b,NOT_STARTED,DEFERRED,SUPERSEDED,matter relating to exchange traded derivative,2012-01-02,False,fetched/sebi_master_circulars/SEBI_MC_20120102_Master_Circular_on_Matters_relating_to_Exchange_Traded_Derivatives.pdf
sebi-mc-20120413-master-circular-for-depositorie-341f24a1,SEBI_MC_20120413_Master_Circular_for_Depositories.pdf,pdf,SEBI,MASTER_CIRCULAR,CIRCULAR,Master Circular for Depositories,UNKNOWN,COMPANY,P1,51,341f24a10a4d649daecc45a2fcddbf89f8d2120a9f2dd1e4e346492724fb560a,NOT_STARTED,DEFERRED,SUPERSEDED,depositorie,2012-04-13,True,fetched/sebi_master_circulars/SEBI_MC_20120413_Master_Circular_for_Depositories.pdf
sebi-mc-20120413-master-circular-for-stock-excha-abeeb93b,SEBI_MC_20120413_Master_Circular_for_Stock_Exchanges_Cash_Market.pdf,pdf,SEBI,MASTER_CIRCULAR,CIRCULAR,Master Circular for Stock Exchanges / Cash Market,GENERAL,COMPANY,P1,1,abeeb93bcd5347d6f3af0413dfacf7263471e0ec431dde4b1edb0db133ff77ab,NOT_STARTED,DEFERRED,SUPERSEDED,stock exchange cash market,2012-04-13,False,fetched/sebi_master_circulars/SEBI_MC_20120413_Master_Circular_for_Stock_Exchanges_Cash_Market.pdf
sebi-mc-20120511-master-circular-for-mutual-fund-b944e5f2,SEBI_MC_20120511_Master_Circular_for_Mutual_Funds.pdf,pdf,SEBI,MASTER_CIRCULAR,CIRCULAR,Master Circular for Mutual Funds,GENERAL,COMPANY,P1,174,b944e5f2d7b6f31893fb2212d9ba565b4642d558bfbd095aabdf2b4a1a3fb12d,NOT_STARTED,DEFERRED,SUPERSEDED,mutual fund,2012-05-11,False,fetched/sebi_master_circulars/SEBI_MC_20120511_Master_Circular_for_Mutual_Funds.pdf
sebi-mc-20130401-master-circular-on-matters-rela-76560208,SEBI_MC_20130401_Master_Circular_on_Matters_relating_to_Exchange_Traded_Derivatives.pdf,pdf,SEBI,MASTER_CIRCULAR,CIRCULAR,Master Circular on Matters relating to Exchange Traded Derivatives,GENERAL,COMPANY,P1,156,765602089179cb075a6a5c234da655fea9da81179e2f7b85e80317d60445e346,NOT_STARTED,PENDING_EXTRACTION,ACTIVE,matter relating to exchange traded derivative,2013-04-01,False,fetched/sebi_master_circulars/SEBI_MC_20130401_Master_Circular_on_Matters_relating_to_Exchange_Traded_Derivatives.pdf
sebi-mc-20130415-master-circular-for-depositorie-afec501d,SEBI_MC_20130415_Master_Circular_for_Depositories.pdf,pdf,SEBI,MASTER_CIRCULAR,CIRCULAR,Master Circular for Depositories,RIGHTS,COMPANY,P1,65,afec501d2f03083d62e113ff93424fea77bd09cbde435b4196d3088c849b4b96,NOT_STARTED,DEFERRED,SUPERSEDED,depositorie,2013-04-15,False,fetched/sebi_master_circulars/SEBI_MC_20130415_Master_Circular_for_Depositories.pdf
sebi-mc-20130417-master-circular-for-stock-excha-b97e25e0,SEBI_MC_20130417_Master_Circular_for_Stock_Exchange_Cash_Market.pdf,pdf,SEBI,MASTER_CIRCULAR,CIRCULAR,Master Circular for Stock Exchange - Cash Market,GENERAL,COMPANY,P1,1,b97e25e04a86e174de50634b47dd3515d0db705a121789dd97671f06eb39d81b,NOT_STARTED,PENDING_EXTRACTION,ACTIVE,stock exchange cash market,2013-04-17,False,fetched/sebi_master_circulars/SEBI_MC_20130417_Master_Circular_for_Stock_Exchange_Cash_Market.pdf
sebi-mc-20130911-master-circular-for-mutual-fund-2e97fb95,SEBI_MC_20130911_Master_Circular_for_Mutual_Funds.pdf,pdf,SEBI,MASTER_CIRCULAR,CIRCULAR,Master Circular for Mutual Funds,GENERAL,COMPANY,P1,185,2e97fb958d629f17244870a15f659ce160ca608a6fbc646fe2808a93130cf009,NOT_STARTED,DEFERRED,SUPERSEDED,mutual fund,2013-09-11,False,fetched/sebi_master_circulars/SEBI_MC_20130911_Master_Circular_for_Mutual_Funds.pdf
sebi-mc-20140407-master-circular-for-depositorie-5cf0d537,SEBI_MC_20140407_Master_Circular_for_Depositories.pdf,pdf,SEBI,MASTER_CIRCULAR,CIRCULAR,Master Circular for Depositories,RIGHTS,COMPANY,P1,95,5cf0d537c17026250ceb8bbd850d483e5faa9f6ad7ddb3cbb8c1404494ce2386,NOT_STARTED,DEFERRED,SUPERSEDED,depositorie,2014-04-07,False,fetched/sebi_master_circulars/SEBI_MC_20140407_Master_Circular_for_Depositories.pdf
sebi-mc-20140520-master-circular-for-stock-excha-b4f812bd,SEBI_MC_20140520_Master_Circular_for_Stock_Exchanges_2014.pdf,pdf,SEBI,MASTER_CIRCULAR,CIRCULAR,Master Circular for Stock Exchanges - 2014,GENERAL,COMPANY,P1,1,b4f812bd5217837701f3051e741af33cadb220fbbba16836bfa59116270f0a10,NOT_STARTED,PENDING_EXTRACTION,ACTIVE,stock exchange,2014-05-20,False,fetched/sebi_master_circulars/SEBI_MC_20140520_Master_Circular_for_Stock_Exchanges_2014.pdf
sebi-mc-20141001-master-circular-for-mutual-fund-2eb783b8,SEBI_MC_20141001_Master_Circular_for_Mutual_Funds.pdf,pdf,SEBI,MASTER_CIRCULAR,CIRCULAR,Master Circular for Mutual Funds,GENERAL,COMPANY,P1,194,2eb783b86a6bfe7de89755f4e5b6c544f3b426342688d2f71973938a8ddfbd0d,NOT_STARTED,DEFERRED,SUPERSEDED,mutual fund,2014-10-01,False,fetched/sebi_master_circulars/SEBI_MC_20141001_Master_Circular_for_Mutual_Funds.pdf
sebi-mc-20150507-master-circular-for-depositorie-c80ee5da,SEBI_MC_20150507_Master_Circular_for_Depositories.pdf,pdf,SEBI,MASTER_CIRCULAR,CIRCULAR,Master Circular for Depositories,RIGHTS,COMPANY,P1,111,c80ee5dac4c6827ace738efb0fa97a029711135dacfea246aeb7c6b403d5a71a,NOT_STARTED,DEFERRED,SUPERSEDED,depositorie,2015-05-07,False,fetched/sebi_master_circulars/SEBI_MC_20150507_Master_Circular_for_Depositories.pdf
sebi-mc-20150526-master-circular-for-stock-excha-e7daf071,SEBI_MC_20150526_Master_Circular_for_Stock_Exchange_and_Clearing_Corporation.pdf,pdf,SEBI,MASTER_CIRCULAR,CIRCULAR,Master Circular for Stock Exchange and Clearing Corporation,GENERAL,COMPANY,P1,2,e7daf0712e10c675a874d51a2d80a923a0599bd99ca255bd405a37bf04f16f97,NOT_STARTED,DEFERRED,SUPERSEDED,stock exchange and clearing corporation,2015-05-26,False,fetched/sebi_master_circulars/SEBI_MC_20150526_Master_Circular_for_Stock_Exchange_and_Clearing_Corporation.pdf
sebi-mc-20160914-master-circular-for-mutual-fund-cc4f349e,SEBI_MC_20160914_Master_Circular_for_Mutual_Funds.pdf,pdf,SEBI,MASTER_CIRCULAR,CIRCULAR,Master Circular for Mutual Funds,GENERAL,COMPANY,P1,211,cc4f349efb7d759851db0cf15a3be2bdc41b068545c4330f5e654904da06dfc5,NOT_STARTED,DEFERRED,SUPERSEDED,mutual fund,2016-09-14,False,fetched/sebi_master_circulars/SEBI_MC_20160914_Master_Circular_for_Mutual_Funds.pdf
sebi-mc-20161215-master-circular-for-depositorie-5993ad57,SEBI_MC_20161215_Master_Circular_for_Depositories.pdf,pdf,SEBI,MASTER_CIRCULAR,CIRCULAR,Master Circular for Depositories,RIGHTS,COMPANY,P1,139,5993ad57fa963344a941b6f81e3b13e076f5651f50544881cc22b369e45de6a9,NOT_STARTED,DEFERRED,SUPERSEDED,depositorie,2016-12-15,False,fetched/sebi_master_circulars/SEBI_MC_20161215_Master_Circular_for_Depositories.pdf
sebi-mc-20161216-master-circular-for-stock-excha-04bfd397,SEBI_MC_20161216_Master_Circular_for_Stock_Exchange_and_Clearing_Corporation.pdf,pdf,SEBI,MASTER_CIRCULAR,CIRCULAR,Master Circular for Stock Exchange and Clearing Corporation,GENERAL,COMPANY,P1,2,04bfd397d03c552ae02851a474ff305988adce99f8bb3dd01e7bf02c5effe0aa,NOT_STARTED,DEFERRED,SUPERSEDED,stock exchange and clearing corporation,2016-12-16,False,fetched/sebi_master_circulars/SEBI_MC_20161216_Master_Circular_for_Stock_Exchange_and_Clearing_Corporation.pdf
sebi-mc-20180409-master-circular-for-debenture-t-af4f0e16,SEBI_MC_20180409_Master_Circular_for_Debenture_Trustees_DTs.pdf,pdf,SEBI,MASTER_CIRCULAR,CIRCULAR,Master Circular for Debenture Trustees (DTs),GENERAL,COMPANY,P1,32,af4f0e16712501fda4482f032ded598824f31655096dd6645f44d4152810f1c1,NOT_STARTED,DEFERRED,SUPERSEDED,debenture trustee,2018-04-09,False,fetched/sebi_master_circulars/SEBI_MC_20180409_Master_Circular_for_Debenture_Trustees_DTs.pdf
sebi-mc-20180502-master-circular-for-credit-rati-f64f33bc,SEBI_MC_20180502_Master_Circular_for_Credit_Rating_Agencies.pdf,pdf,SEBI,MASTER_CIRCULAR,CIRCULAR,Master Circular for Credit Rating Agencies,GENERAL,COMPANY,P1,65,f64f33bc1a944fe3177c83ac7958cb17e1f69aff21d43a8bafc546c6e21399fa,NOT_STARTED,DEFERRED,SUPERSEDED,credit rating agencie,2018-05-02,False,fetched/sebi_master_circulars/SEBI_MC_20180502_Master_Circular_for_Credit_Rating_Agencies.pdf
sebi-mc-20180511-master-circular-for-underwriter-7562e7ea,SEBI_MC_20180511_Master_Circular_for_Underwriters.pdf,pdf,SEBI,MASTER_CIRCULAR,CIRCULAR,Master Circular for Underwriters,GENERAL,COMPANY,P1,27,7562e7eaa015ee726b197084595b100ef4ff8d4e0216606f14b00abf97b17416,NOT_STARTED,PENDING_EXTRACTION,ACTIVE,underwriter,2018-05-11,False,fetched/sebi_master_circulars/SEBI_MC_20180511_Master_Circular_for_Underwriters.pdf
sebi-mc-20180601-master-circular-for-stock-broke-dd0f1c77,SEBI_MC_20180601_Master_Circular_for_Stock_Brokers.pdf,pdf,SEBI,MASTER_CIRCULAR,CIRCULAR,Master Circular for Stock Brokers,GENERAL,COMPANY,P1,209,dd0f1c77214cff03f598c7ca9c0d3e2962490b659086356763fafe61f2d99edf,NOT_STARTED,DEFERRED,SUPERSEDED,stock broker,2018-06-01,False,fetched/sebi_master_circulars/SEBI_MC_20180601_Master_Circular_for_Stock_Brokers.pdf
sebi-mc-20180704-guidelines-on-anti-money-launde-d9de4c1e,SEBI_MC_20180704_Guidelines_on_Anti_Money_Laundering_AML_Standards_and_Combating_the_Fi.pdf,pdf,SEBI,MASTER_CIRCULAR,CIRCULAR,"Guidelines on Anti-Money Laundering (AML) Standards and Combating the Financing of Terrorism (CFT) /Obligations of Securities Market Intermediaries under the Prevention of Money Laundering Act, 2002 and Rules framed there under",GENERAL,COMPANY,P1,31,d9de4c1e35c6c12256232b42a53727201b0356f2c62982eac5dfeb54adb59d45,NOT_STARTED,DEFERRED,SUPERSEDED,guideline on anti money laundering standard and combating the financing of terrorism obligation of securitie market intermediarie under the prevention of money laundering act 2002 and rule framed there under,2018-07-04,False,fetched/sebi_master_circulars/SEBI_MC_20180704_Guidelines_on_Anti_Money_Laundering_AML_Standards_and_Combating_the_Fi.pdf
sebi-mc-20180710-master-circular-for-mutual-fund-9633edfe,SEBI_MC_20180710_Master_Circular_for_Mutual_Funds.pdf,pdf,SEBI,MASTER_CIRCULAR,CIRCULAR,Master Circular for Mutual Funds,GENERAL,COMPANY,P1,236,9633edfeb58b14e73002ffa4a931bab29b3727864882c80b0bbbdf2002b989b7,NOT_STARTED,DEFERRED,SUPERSEDED,mutual fund,2018-07-10,False,fetched/sebi_master_circulars/SEBI_MC_20180710_Master_Circular_for_Mutual_Funds.pdf
sebi-mc-20180907-master-circular-for-commodity-d-ba2eaad4,SEBI_MC_20180907_Master_Circular_for_Commodity_Derivatives_Market.pdf,pdf,SEBI,MASTER_CIRCULAR,CIRCULAR,Master Circular for Commodity Derivatives Market,GENERAL,COMPANY,P1,217,ba2eaad45232783f29a3f486e5fcc6f58f13ea67d16a49c12bf0a44a049c0335,NOT_STARTED,DEFERRED,SUPERSEDED,commodity derivative market,2018-09-07,False,fetched/sebi_master_circulars/SEBI_MC_20180907_Master_Circular_for_Commodity_Derivatives_Market.pdf
sebi-mc-20191015-guidelines-on-anti-money-launde-912e1bcd,SEBI_MC_20191015_Guidelines_on_Anti_Money_Laundering_AML_Standards_and_Combating_the_Fi.pdf,pdf,SEBI,MASTER_CIRCULAR,CIRCULAR,"Guidelines on Anti-Money Laundering (AML) Standards and Combating the Financing of Terrorism (CFT) /Obligations of Securities Market Intermediaries under the Prevention of Money Laundering Act, 2002 and Rules framed there under",GENERAL,COMPANY,P1,40,912e1bcdb7a16ab4dab47f3b51fb14760ce10318fb3914d44b5e98fb5716ef44,NOT_STARTED,DEFERRED,SUPERSEDED,guideline on anti money laundering standard and combating the financing of terrorism obligation of securitie market intermediarie under the prevention of money laundering act 2002 and rule framed there under,2019-10-15,False,fetched/sebi_master_circulars/SEBI_MC_20191015_Guidelines_on_Anti_Money_Laundering_AML_Standards_and_Combating_the_Fi.pdf
sebi-mc-20191025-master-circular-for-depositorie-0ff3ee38,SEBI_MC_20191025_Master_Circular_for_Depositories.pdf,pdf,SEBI,MASTER_CIRCULAR,CIRCULAR,Master Circular for Depositories,RIGHTS,COMPANY,P1,245,0ff3ee3802ae838e35d06cb7100f7a18d223396ac329deba51623365675bbcd3,NOT_STARTED,DEFERRED,SUPERSEDED,depositorie,2019-10-25,False,fetched/sebi_master_circulars/SEBI_MC_20191025_Master_Circular_for_Depositories.pdf
sebi-mc-20191025-master-circular-for-stock-excha-7a18a1bb,SEBI_MC_20191025_Master_Circular_for_Stock_Exchanges_and_Clearing_Corporations.pdf,pdf,SEBI,MASTER_CIRCULAR,CIRCULAR,Master Circular for Stock Exchanges and Clearing Corporations,GENERAL,COMPANY,P1,2,7a18a1bb002891a4921751d7e738e3ef49fc442289243e8efaab41916eda7200,NOT_STARTED,DEFERRED,SUPERSEDED,stock exchange and clearing corporation,2019-10-25,False,fetched/sebi_master_circulars/SEBI_MC_20191025_Master_Circular_for_Stock_Exchanges_and_Clearing_Corporations.pdf
sebi-mc-20200710-master-circular-for-commodity-d-140593cb,SEBI_MC_20200710_Master_Circular_for_Commodity_Derivatives_Market.pdf,pdf,SEBI,MASTER_CIRCULAR,CIRCULAR,Master Circular for Commodity Derivatives Market,GENERAL,COMPANY,P1,310,140593cb40366138ab8f754e9ef34855c6cc2d5b29028bc56145975b8df01238,NOT_STARTED,DEFERRED,SUPERSEDED,commodity derivative market,2020-07-10,False,fetched/sebi_master_circulars/SEBI_MC_20200710_Master_Circular_for_Commodity_Derivatives_Market.pdf
sebi-mc-20200824-master-circular-for-mutual-fund-7cc49fcb,SEBI_MC_20200824_Master_Circular_for_Mutual_Funds.pdf,pdf,SEBI,MASTER_CIRCULAR,CIRCULAR,Master Circular for Mutual Funds,GENERAL,COMPANY,P1,273,7cc49fcb1d01f69d03fc98e4ae5266e61fc473cb547e406524697ada4dc7c0eb,NOT_STARTED,DEFERRED,SUPERSEDED,mutual fund,2020-08-24,False,fetched/sebi_master_circulars/SEBI_MC_20200824_Master_Circular_for_Mutual_Funds.pdf
sebi-mc-20201222-master-circular-on-i-scheme-of--3aeab719,SEBI_MC_20201222_Master_Circular_on_i_Scheme_of_Arrangement_by_Listed_Entities_and_ii_R.pdf,pdf,SEBI,MASTER_CIRCULAR,CIRCULAR,"Master Circular on (i) Scheme of Arrangement by Listed Entities and (ii) Relaxation under Sub-rule (7) of rule 19 of the Securities Contracts (Regulation) Rules, 1957",GENERAL,COMPANY,P1,25,3aeab71966176090a1508e5c242e90e0a05e6a7c2654d6eaa4b6361ea4aeaeca,NOT_STARTED,PENDING_EXTRACTION,ACTIVE,scheme of arrangement by listed entitie and relaxation under sub rule 7 of rule 19 of the securitie contract regulation rule,2020-12-22,False,fetched/sebi_master_circulars/SEBI_MC_20201222_Master_Circular_on_i_Scheme_of_Arrangement_by_Listed_Entities_and_ii_R.pdf
sebi-mc-20210205-master-circular-for-depositorie-1b42dfa3,SEBI_MC_20210205_Master_Circular_for_Depositories.pdf,pdf,SEBI,MASTER_CIRCULAR,CIRCULAR,Master Circular for Depositories,UNKNOWN,COMPANY,P1,431,1b42dfa3de5c5603bc08195c8a318e1ab7a18e03027c6b0383e4efe9039a2782,NOT_STARTED,DEFERRED,SUPERSEDED,depositorie,2021-02-05,True,fetched/sebi_master_circulars/SEBI_MC_20210205_Master_Circular_for_Depositories.pdf
sebi-mc-20210301-master-circular-on-surveillance-0c1e9609,SEBI_MC_20210301_Master_Circular_on_Surveillance_of_Securities_Market.pdf,pdf,SEBI,MASTER_CIRCULAR,CIRCULAR,Master Circular on Surveillance of Securities Market,RIGHTS,COMPANY,P1,23,0c1e960912c535e167115c239a53ea4845505f5415ac7211b15944babaff5731,NOT_STARTED,DEFERRED,SUPERSEDED,surveillance of securitie market,2021-03-01,False,fetched/sebi_master_circulars/SEBI_MC_20210301_Master_Circular_on_Surveillance_of_Securities_Market.pdf
sebi-mc-20210701-master-circular-for-commodity-d-9cc71b5a,SEBI_MC_20210701_Master_Circular_for_Commodity_Derivatives_Market.pdf,pdf,SEBI,MASTER_CIRCULAR,CIRCULAR,Master Circular for Commodity Derivatives Market,GENERAL,COMPANY,P1,316,9cc71b5a87046402dfd333f1f8e4ab923a6dc7732e0bd74019bd9cbc696fad6d,NOT_STARTED,DEFERRED,SUPERSEDED,commodity derivative market,2021-07-01,False,fetched/sebi_master_circulars/SEBI_MC_20210701_Master_Circular_for_Commodity_Derivatives_Market.pdf
sebi-mc-20210705-master-circular-for-stock-excha-c2cf21e8,SEBI_MC_20210705_Master_Circular_for_Stock_Exchanges_and_Clearing_Corporations.pdf,pdf,SEBI,MASTER_CIRCULAR,CIRCULAR,Master Circular for Stock Exchanges and Clearing Corporations,GENERAL,COMPANY,P1,2,c2cf21e82338bef4f9b1ade9172a1501621a6e928c3a464e841884aaa0ca41a0,NOT_STARTED,DEFERRED,SUPERSEDED,stock exchange and clearing corporation,2021-07-05,False,fetched/sebi_master_circulars/SEBI_MC_20210705_Master_Circular_for_Stock_Exchanges_and_Clearing_Corporations.pdf
sebi-mc-20211123-master-circular-on-scheme-of-ar-01ea00e7,SEBI_MC_20211123_Master_Circular_on_Scheme_of_Arrangement.pdf,pdf,SEBI,MASTER_CIRCULAR,CIRCULAR,Master Circular on Scheme of Arrangement,GENERAL,COMPANY,P1,27,01ea00e70a74392147a59395d9ff37e68a1f882012c658c0abc8011c84aa2b8e,NOT_STARTED,DEFERRED,SUPERSEDED,scheme of arrangement,2021-11-23,False,fetched/sebi_master_circulars/SEBI_MC_20211123_Master_Circular_on_Scheme_of_Arrangement.pdf
sebi-mc-20211129-master-circular-for-infrastruct-4a04234a,SEBI_MC_20211129_Master_Circular_for_Infrastructure_Investment_Trusts_InvITs.pdf,pdf,SEBI,MASTER_CIRCULAR,CIRCULAR,Master Circular for Infrastructure Investment Trusts (InvITs),UNKNOWN,REIT_INVIT,P1,121,4a04234ae8feb4491b61fc4f4f2d5d1aad9efe9a507bdb71efba72424f275960,NOT_STARTED,DEFERRED,SUPERSEDED,infrastructure investment trust,2021-11-29,True,fetched/sebi_master_circulars/SEBI_MC_20211129_Master_Circular_for_Infrastructure_Investment_Trusts_InvITs.pdf
sebi-mc-20211129-master-circular-for-real-estate-bfa66b46,SEBI_MC_20211129_Master_Circular_for_Real_Estate_Investment_Trusts_REITs.pdf,pdf,SEBI,MASTER_CIRCULAR,CIRCULAR,Master Circular for Real Estate Investment Trusts (REITs),UNKNOWN,REIT_INVIT,P1,109,bfa66b467380049d06905a33ca5cfa8c40f70c3c84fa395979797d318a50109d,NOT_STARTED,DEFERRED,SUPERSEDED,real estate investment trust,2021-11-29,True,fetched/sebi_master_circulars/SEBI_MC_20211129_Master_Circular_for_Real_Estate_Investment_Trusts_REITs.pdf
sebi-mc-20220426-master-circular-for-infrastruct-cc968f0e,SEBI_MC_20220426_Master_Circular_for_Infrastructure_Investment_Trusts_InvITs.pdf,pdf,SEBI,MASTER_CIRCULAR,CIRCULAR,Master Circular for Infrastructure Investment Trusts (InvITs),UNKNOWN,REIT_INVIT,P1,146,cc968f0e036d11fb24dc8a83484d8d357381bbc3529a9ef6a64979a6a6f601a6,NOT_STARTED,DEFERRED,SUPERSEDED,infrastructure investment trust,2022-04-26,True,fetched/sebi_master_circulars/SEBI_MC_20220426_Master_Circular_for_Infrastructure_Investment_Trusts_InvITs.pdf
sebi-mc-20220426-master-circular-for-real-estate-11969a54,SEBI_MC_20220426_Master_Circular_for_Real_Estate_Investment_Trusts_REITs.pdf,pdf,SEBI,MASTER_CIRCULAR,CIRCULAR,Master Circular for Real Estate Investment Trusts (REITs),UNKNOWN,REIT_INVIT,P1,121,11969a542164c1a56b06ab843adb3306c80b7321da025593136d4b45c05b6cb6,NOT_STARTED,DEFERRED,SUPERSEDED,real estate investment trust,2022-04-26,True,fetched/sebi_master_circulars/SEBI_MC_20220426_Master_Circular_for_Real_Estate_Investment_Trusts_REITs.pdf
sebi-mc-20220517-master-circular-for-commodity-d-8d1e6a13,SEBI_MC_20220517_Master_Circular_for_Commodity_Derivatives_Market.pdf,pdf,SEBI,MASTER_CIRCULAR,CIRCULAR,Master Circular for Commodity Derivatives Market,GENERAL,COMPANY,P1,330,8d1e6a13109c43c5e68c900a31585b55fbeb44c182876e345b74b116cb2af9e7,NOT_STARTED,PENDING_EXTRACTION,ACTIVE,commodity derivative market,2022-05-17,False,fetched/sebi_master_circulars/SEBI_MC_20220517_Master_Circular_for_Commodity_Derivatives_Market.pdf
sebi-mc-20221107-master-circular-on-issuance-of--773dff8d,SEBI_MC_20221107_Master_Circular_on_issuance_of_No_Objection_Certificate_NOC_for_releas.pdf,pdf,SEBI,MASTER_CIRCULAR,CIRCULAR,Master Circular on issuance of No Objection Certificate (NOC) for release of 1% of Issue Amount,GENERAL,COMPANY,P1,11,773dff8d5fffd3a6379dc455e3b0d091a839ae1a4823d2377a8e9fafb5c35f36,NOT_STARTED,PENDING_EXTRACTION,ACTIVE,issuance of no objection certificate for release of 1 of issue amount,2022-11-07,False,fetched/sebi_master_circulars/SEBI_MC_20221107_Master_Circular_on_issuance_of_No_Objection_Certificate_NOC_for_releas.pdf
sebi-mc-20221107-master-circular-on-the-redressa-78a729d8,SEBI_MC_20221107_Master_Circular_on_the_redressal_of_investor_grievances_through_the_SE.pdf,pdf,SEBI,MASTER_CIRCULAR,CIRCULAR,Master Circular on the redressal of investor grievances through the SEBI Complaints Redress System (SCORES) platform,GENERAL,COMPANY,P1,11,78a729d83966baf738eabcbbd5fa1e70cdfde929743416ba7a4e3567afe25f8b,NOT_STARTED,PENDING_EXTRACTION,ACTIVE,the redressal of investor grievance through the sebi complaint redres system platform,2022-11-07,False,fetched/sebi_master_circulars/SEBI_MC_20221107_Master_Circular_on_the_redressal_of_investor_grievances_through_the_SE.pdf
sebi-mc-20221219-master-circular-for-foreign-por-751ee9fc,SEBI_MC_20221219_Master_Circular_for_Foreign_Portfolio_Investors_Designated_Depository.pdf,pdf,SEBI,MASTER_CIRCULAR,CIRCULAR,"Master Circular for Foreign Portfolio Investors, Designated Depository Participants and Eligible Foreign Investors",GENERAL,COMPANY,P1,66,751ee9fc2806d69bfc76fa8511b407c4550326330736aa5f528beed13cb8c549,NOT_STARTED,DEFERRED,SUPERSEDED,foreign portfolio investor designated depository participant and eligible foreign investor,2022-12-19,False,fetched/sebi_master_circulars/SEBI_MC_20221219_Master_Circular_for_Foreign_Portfolio_Investors_Designated_Depository.pdf
sebi-mc-20230203-guidelines-on-anti-money-launde-ff6e7790,SEBI_MC_20230203_Guidelines_on_Anti_Money_Laundering_AML_Standards_and_Combating_the_Fi.pdf,pdf,SEBI,MASTER_CIRCULAR,CIRCULAR,"Guidelines on Anti-Money Laundering (AML) Standards and Combating the Financing of Terrorism (CFT) /Obligations of Securities Market Intermediaries under the Prevention of Money Laundering Act, 2002 and Rules framed there under",GENERAL,COMPANY,P1,31,ff6e77907845f73658e3592fb6ff4cfd8d0aebec81b6aeb7e0587feb46d151e1,NOT_STARTED,DEFERRED,SUPERSEDED,guideline on anti money laundering standard and combating the financing of terrorism obligation of securitie market intermediarie under the prevention of money laundering act 2002 and rule framed there under,2023-02-03,False,fetched/sebi_master_circulars/SEBI_MC_20230203_Guidelines_on_Anti_Money_Laundering_AML_Standards_and_Combating_the_Fi.pdf
sebi-mc-20230216-master-circular-for-substantial-f4a1299d,SEBI_MC_20230216_Master_Circular_for_Substantial_Acquisition_of_Shares_and_Takeovers.pdf,pdf,SEBI,MASTER_CIRCULAR,CIRCULAR,Master Circular for Substantial Acquisition of Shares and Takeovers,GENERAL,COMPANY,P1,110,f4a1299dae54e988e68c49f3d6874a364c2ba636c183b43eaecf999b80f13722,NOT_STARTED,PENDING_EXTRACTION,ACTIVE,substantial acquisition of share and takeover,2023-02-16,False,fetched/sebi_master_circulars/SEBI_MC_20230216_Master_Circular_for_Substantial_Acquisition_of_Shares_and_Takeovers.pdf
sebi-mc-20230303-master-circular-for-foreign-ven-5bf7a731,SEBI_MC_20230303_Master_Circular_for_Foreign_Venture_Capital_Investors_FVCIs.pdf,pdf,SEBI,MASTER_CIRCULAR,CIRCULAR,Master Circular for Foreign Venture Capital Investors (FVCIs),GENERAL,COMPANY,P1,7,5bf7a73186855993504e7a77b99f41f10e98b088402c27a23622250294706377,NOT_STARTED,PENDING_EXTRACTION,ACTIVE,foreign venture capital investor,2023-03-03,False,fetched/sebi_master_circulars/SEBI_MC_20230303_Master_Circular_for_Foreign_Venture_Capital_Investors_FVCIs.pdf
sebi-mc-20230320-master-circular-for-portfolio-m-2a156927,SEBI_MC_20230320_Master_Circular_for_Portfolio_Managers.pdf,pdf,SEBI,MASTER_CIRCULAR,CIRCULAR,Master Circular for Portfolio Managers,GENERAL,COMPANY,P1,100,2a156927f88706ca01d6c28a058731ed9acbd4a48cd293ef50498c06f6d7d47f,NOT_STARTED,DEFERRED,SUPERSEDED,portfolio manager,2023-03-20,False,fetched/sebi_master_circulars/SEBI_MC_20230320_Master_Circular_for_Portfolio_Managers.pdf
sebi-mc-20230323-master-circular-on-surveillance-0ab3ac97,SEBI_MC_20230323_Master_Circular_on_Surveillance_of_Securities_Market.pdf,pdf,SEBI,MASTER_CIRCULAR,CIRCULAR,Master Circular on Surveillance of Securities Market,GENERAL,COMPANY,P1,27,0ab3ac974cebbb0bfed698d253194f54a725f5d56fa4bcfa1f8c5aa6ccd2b8ba,NOT_STARTED,DEFERRED,SUPERSEDED,surveillance of securitie market,2023-03-23,False,fetched/sebi_master_circulars/SEBI_MC_20230323_Master_Circular_on_Surveillance_of_Securities_Market.pdf
sebi-mc-20230427-master-circular-for-custodians-9d49967f,SEBI_MC_20230427_Master_Circular_for_Custodians.pdf,pdf,SEBI,MASTER_CIRCULAR,CIRCULAR,Master Circular for Custodians,GENERAL,COMPANY,P1,38,9d49967fa5fec47601db8377bdb7ce8fa6d7a03d50c320f117851ba32bd0bf73,NOT_STARTED,DEFERRED,SUPERSEDED,custodian,2023-04-27,False,fetched/sebi_master_circulars/SEBI_MC_20230427_Master_Circular_for_Custodians.pdf
sebi-mc-20230517-master-circular-for-registrars--340d0c4d,SEBI_MC_20230517_Master_Circular_for_Registrars_to_an_Issue_and_Share_Transfer_Agents.pdf,pdf,SEBI,MASTER_CIRCULAR,CIRCULAR,Master Circular for Registrars to an Issue and Share Transfer Agents,UNKNOWN,COMPANY,P1,220,340d0c4d50ccaa3da1caa7868aec5e113e9c58ea49da1752b78b19791efebabc,NOT_STARTED,DEFERRED,SUPERSEDED,registrar to an issue and share transfer agent,2023-05-17,True,fetched/sebi_master_circulars/SEBI_MC_20230517_Master_Circular_for_Registrars_to_an_Issue_and_Share_Transfer_Agents.pdf
sebi-mc-20230517-master-circular-for-stock-broke-a601729d,SEBI_MC_20230517_Master_Circular_for_Stock_Brokers.pdf,pdf,SEBI,MASTER_CIRCULAR,CIRCULAR,Master Circular for Stock Brokers,GENERAL,COMPANY,P1,406,a601729d267963f65ffdfbb3a1982643d0d904cc03d97c1479b150c11ae3b118,NOT_STARTED,DEFERRED,SUPERSEDED,stock broker,2023-05-17,False,fetched/sebi_master_circulars/SEBI_MC_20230517_Master_Circular_for_Stock_Brokers.pdf
sebi-mc-20230519-master-circular-for-mutual-fund-65889f60,SEBI_MC_20230519_Master_Circular_for_Mutual_Funds.pdf,pdf,SEBI,MASTER_CIRCULAR,CIRCULAR,Master Circular for Mutual Funds,GENERAL,COMPANY,P1,371,65889f60ef97a5d8d3990865422e8aa27a108d8e9a8be7a39b2d2c33cb21a7e0,NOT_STARTED,DEFERRED,SUPERSEDED,mutual fund,2023-05-19,False,fetched/sebi_master_circulars/SEBI_MC_20230519_Master_Circular_for_Mutual_Funds.pdf
sebi-mc-20230601-master-circular-on-electronic-g-563413a4,SEBI_MC_20230601_Master_Circular_on_Electronic_Gold_Receipts_EGR.pdf,pdf,SEBI,MASTER_CIRCULAR,CIRCULAR,Master Circular on Electronic Gold Receipts (EGR),GENERAL,COMPANY,P1,52,563413a4bf1867c5cdc68958e71a456cfc34c86bef8b745a98063f2be830b5a8,NOT_STARTED,DEFERRED,SUPERSEDED,electronic gold receipt,2023-06-01,False,fetched/sebi_master_circulars/SEBI_MC_20230601_Master_Circular_on_Electronic_Gold_Receipts_EGR.pdf
sebi-mc-20230615-master-circular-for-investment--32fbdb29,SEBI_MC_20230615_Master_Circular_for_Investment_Advisers.pdf,pdf,SEBI,MASTER_CIRCULAR,CIRCULAR,Master Circular for Investment Advisers,GENERAL,COMPANY,P1,66,32fbdb2990375b566c2b652292fb72a44109a97eff0e8c380331ce7090de5276,NOT_STARTED,DEFERRED,SUPERSEDED,investment adviser,2023-06-15,False,fetched/sebi_master_circulars/SEBI_MC_20230615_Master_Circular_for_Investment_Advisers.pdf
sebi-mc-20230615-master-circular-for-research-an-fca77222,SEBI_MC_20230615_Master_Circular_for_Research_Analysts.pdf,pdf,SEBI,MASTER_CIRCULAR,CIRCULAR,Master Circular for Research Analysts,GENERAL,COMPANY,P1,47,fca772224b0823116ea2e1c76ad272bc5351a2abc4071540e63e3e1d1723acc8,NOT_STARTED,DEFERRED,SUPERSEDED,research analyst,2023-06-15,False,fetched/sebi_master_circulars/SEBI_MC_20230615_Master_Circular_for_Research_Analysts.pdf
sebi-mc-20230620-master-circular-on-scheme-of-ar-99f669b0,SEBI_MC_20230620_Master_Circular_on_Scheme_of_Arrangement.pdf,pdf,SEBI,MASTER_CIRCULAR,CIRCULAR,Master Circular on Scheme of Arrangement,GENERAL,COMPANY,P1,28,99f669b0bd6792197638abfb8ef6a35c21218c250ad78dc6ed1888711508f7e1,NOT_STARTED,PENDING_EXTRACTION,ACTIVE,scheme of arrangement,2023-06-20,False,fetched/sebi_master_circulars/SEBI_MC_20230620_Master_Circular_on_Scheme_of_Arrangement.pdf
sebi-mc-20230621-master-circular-for-issue-of-ca-7eea3a77,SEBI_MC_20230621_Master_Circular_for_Issue_of_Capital_and_Disclosure_Requirements.pdf,pdf,SEBI,MASTER_CIRCULAR,CIRCULAR,Master Circular for Issue of Capital and Disclosure Requirements,UNKNOWN,COMPANY,P1,62,7eea3a77bf46bee0b7b4ce3b901dee060d5be4cb77cde3a521a59bde38d417dc,NOT_STARTED,DEFERRED,SUPERSEDED,issue of capital and disclosure requirement,2023-06-21,True,fetched/sebi_master_circulars/SEBI_MC_20230621_Master_Circular_for_Issue_of_Capital_and_Disclosure_Requirements.pdf
sebi-mc-20230630-master-circular-for-listing-obl-6b96f2e7,SEBI_MC_20230630_Master_Circular_for_listing_obligations_and_disclosure_requirements_fo.pdf,pdf,SEBI,MASTER_CIRCULAR,CIRCULAR,"Master Circular for listing obligations and disclosure requirements for Non-convertible Securities, Securitized Debt Instruments and/ or Commercial Paper",GENERAL,COMPANY,P1,104,6b96f2e7865f7ca6566f814469e520edf57698a6f1a60fbbc3205a3f93ab8d5d,NOT_STARTED,DEFERRED,SUPERSEDED,listing obligation and disclosure requirement for non convertible securitie securitized debt instrument and or commercial paper,2023-06-30,False,fetched/sebi_master_circulars/SEBI_MC_20230630_Master_Circular_for_listing_obligations_and_disclosure_requirements_fo.pdf
sebi-mc-20230703-master-circular-for-credit-rati-701b4d05,SEBI_MC_20230703_Master_Circular_for_Credit_Rating_Agencies.pdf,pdf,SEBI,MASTER_CIRCULAR,CIRCULAR,Master Circular for Credit Rating Agencies,GENERAL,COMPANY,P1,103,701b4d052b58e7f31cca5a34619df7ba9986916b47d78c8f8485702fd66e522e,NOT_STARTED,DEFERRED,SUPERSEDED,credit rating agencie,2023-07-03,False,fetched/sebi_master_circulars/SEBI_MC_20230703_Master_Circular_for_Credit_Rating_Agencies.pdf
sebi-mc-20230706-master-circular-for-debenture-t-880456e4,SEBI_MC_20230706_Master_Circular_for_Debenture_Trustees.pdf,pdf,SEBI,MASTER_CIRCULAR,CIRCULAR,Master Circular for Debenture Trustees,GENERAL,COMPANY,P1,119,880456e434c9fa4d0f0d6fbf0e6567000f6388ae7c8cfa60c08a748db096a1c6,NOT_STARTED,DEFERRED,SUPERSEDED,debenture trustee,2023-07-06,False,fetched/sebi_master_circulars/SEBI_MC_20230706_Master_Circular_for_Debenture_Trustees.pdf
sebi-mc-20230706-master-circular-for-infrastruct-2cb62f7b,SEBI_MC_20230706_Master_Circular_for_Infrastructure_Investment_Trusts_InvITs.pdf,pdf,SEBI,MASTER_CIRCULAR,CIRCULAR,Master Circular for Infrastructure Investment Trusts (InvITs),UNKNOWN,REIT_INVIT,P1,177,2cb62f7b2956521e873948b4b0bb0d8cc70f7c1b5b4a96ec8672d372ee78b004,NOT_STARTED,DEFERRED,SUPERSEDED,infrastructure investment trust,2023-07-06,True,fetched/sebi_master_circulars/SEBI_MC_20230706_Master_Circular_for_Infrastructure_Investment_Trusts_InvITs.pdf
sebi-mc-20230706-master-circular-for-real-estate-1e207c05,SEBI_MC_20230706_Master_Circular_for_Real_Estate_Investment_Trusts_REITs.pdf,pdf,SEBI,MASTER_CIRCULAR,CIRCULAR,Master Circular for Real Estate Investment Trusts (REITs),UNKNOWN,REIT_INVIT,P1,162,1e207c05aa32fe2b48795c665f9cf0210c9061cc78b44794deb65d46141b33ec,NOT_STARTED,DEFERRED,SUPERSEDED,real estate investment trust,2023-07-06,True,fetched/sebi_master_circulars/SEBI_MC_20230706_Master_Circular_for_Real_Estate_Investment_Trusts_REITs.pdf
sebi-mc-20230707-master-circular-for-issue-and-l-8927a6ef,SEBI_MC_20230707_Master_Circular_for_issue_and_listing_of_Non_convertible_Securities_Se.pdf,pdf,SEBI,MASTER_CIRCULAR,CIRCULAR,"Master Circular for issue and listing of Non-convertible Securities, Securitised Debt Instruments, Security Receipts, Municipal Debt Securities and Commercial Paper",UNKNOWN,COMPANY,P1,196,8927a6efd6b9923f80d9a6b55bbf104f712dacb952db4bbac7e35ddf2186f766,NOT_STARTED,DEFERRED,SUPERSEDED,issue and listing of non convertible securitie securitised debt instrument security receipt municipal debt securitie and commercial paper,2023-07-07,True,fetched/sebi_master_circulars/SEBI_MC_20230707_Master_Circular_for_issue_and_listing_of_Non_convertible_Securities_Se.pdf
sebi-mc-20230711-master-circular-for-compliance--8fe4d5e2,SEBI_MC_20230711_Master_circular_for_compliance_with_the_provisions_of_the_Securities_a.pdf,pdf,SEBI,MASTER_CIRCULAR,CIRCULAR,"Master circular for compliance with the provisions of the Securities and Exchange Board of India (Listing Obligations and Disclosure Requirements) Regulations, 2015 by listed entities",UNKNOWN,COMPANY,P1,230,8fe4d5e227fe45557595d88c053b485fb54d0f12c1c7333550c33e6ddf60bb14,NOT_STARTED,DEFERRED,SUPERSEDED,compliance with the provision of the securitie and exchange board of india listing obligation and disclosure requirement regulation 2015 by listed entitie,2023-07-11,True,fetched/sebi_master_circulars/SEBI_MC_20230711_Master_circular_for_compliance_with_the_provisions_of_the_Securities_a.pdf
sebi-mc-20230712-master-circular-for-esg-rating--4b993393,SEBI_MC_20230712_Master_Circular_for_ESG_Rating_Providers_ERPs.pdf,pdf,SEBI,MASTER_CIRCULAR,CIRCULAR,Master Circular for ESG Rating Providers (ERPs),GENERAL,COMPANY,P1,60,4b993393e69f6e38636d19382106c5678a3ddcca0a5172a47fd6f2f1a384c9b1,NOT_STARTED,DEFERRED,SUPERSEDED,esg rating provider,2023-07-12,False,fetched/sebi_master_circulars/SEBI_MC_20230712_Master_Circular_for_ESG_Rating_Providers_ERPs.pdf
sebi-mc-20230804-master-circular-for-commodity-d-dff1615b,SEBI_MC_20230804_Master_Circular_for_Commodity_Derivatives_Segment.pdf,pdf,SEBI,MASTER_CIRCULAR,CIRCULAR,Master Circular for Commodity Derivatives Segment,GENERAL,COMPANY,P1,348,dff1615bd3957ee1dc427564afb927307c6b45ac7f1388dc015dd71a128c910c,NOT_STARTED,PENDING_EXTRACTION,ACTIVE,commodity derivative segment,2023-08-04,False,fetched/sebi_master_circulars/SEBI_MC_20230804_Master_Circular_for_Commodity_Derivatives_Segment.pdf
sebi-mc-20230811-online-resolution-of-disputes-i-6ebbc406,SEBI_MC_20230811_Online_Resolution_of_Disputes_in_the_Indian_Securities_Market.pdf,pdf,SEBI,MASTER_CIRCULAR,CIRCULAR,Online Resolution of Disputes in the Indian Securities Market,GENERAL,COMPANY,P1,28,6ebbc4068c4f5b3b29f0a8e3c4fd6cb43bb02a1be72278f005d2f09d21293c46,NOT_STARTED,DEFERRED,SUPERSEDED,online resolution of dispute in the indian securitie market,2023-08-11,False,fetched/sebi_master_circulars/SEBI_MC_20230811_Online_Resolution_of_Disputes_in_the_Indian_Securities_Market.pdf
sebi-mc-20231006-master-circular-for-depositorie-aa002c51,SEBI_MC_20231006_Master_Circular_for_Depositories.pdf,pdf,SEBI,MASTER_CIRCULAR,CIRCULAR,Master Circular for Depositories,UNKNOWN,COMPANY,P1,392,aa002c51c69a074910643196c85d5018fee0c5ad98f70b554a17894b966e91c0,NOT_STARTED,DEFERRED,SUPERSEDED,depositorie,2023-10-06,True,fetched/sebi_master_circulars/SEBI_MC_20231006_Master_Circular_for_Depositories.pdf
sebi-mc-20231012-master-circular-on-know-your-cl-d1c3acb3,SEBI_MC_20231012_Master_Circular_on_Know_Your_Client_KYC_norms_for_the_securities_marke.pdf,pdf,SEBI,MASTER_CIRCULAR,CIRCULAR,Master Circular on Know Your Client (KYC) norms for the securities market,GENERAL,COMPANY,P1,43,d1c3acb3c9209199dbbff1ce40e89eeb0ff0ef6273793cfdb130a9b3a2dcca5e,NOT_STARTED,PENDING_EXTRACTION,ACTIVE,know your client norm for the securitie market,2023-10-12,False,fetched/sebi_master_circulars/SEBI_MC_20231012_Master_Circular_on_Know_Your_Client_KYC_norms_for_the_securities_marke.pdf
sebi-mc-20231016-master-circular-for-stock-excha-81520351,SEBI_MC_20231016_Master_Circular_for_Stock_Exchanges_and_Clearing_Corporations.pdf,pdf,SEBI,MASTER_CIRCULAR,CIRCULAR,Master Circular for Stock Exchanges and Clearing Corporations,GENERAL,COMPANY,P1,2,8152035100ab9fd4e251660b925dd806dc53c819769e12c1f2d546da707865fd,NOT_STARTED,DEFERRED,SUPERSEDED,stock exchange and clearing corporation,2023-10-16,False,fetched/sebi_master_circulars/SEBI_MC_20231016_Master_Circular_for_Stock_Exchanges_and_Clearing_Corporations.pdf
sebi-mc-20231228-master-circular-for-online-reso-40e68a22,SEBI_MC_20231228_Master_Circular_for_Online_Resolution_of_Disputes_in_the_Indian_Securi.pdf,pdf,SEBI,MASTER_CIRCULAR,CIRCULAR,Master Circular for Online Resolution of Disputes in the Indian Securities Market,GENERAL,COMPANY,P1,29,40e68a223b9562a1833c9478f8e78df5a09666da8103bca1e2ac47ccb63388c8,NOT_STARTED,PENDING_EXTRACTION,ACTIVE,online resolution of dispute in the indian securitie market,2023-12-28,False,fetched/sebi_master_circulars/SEBI_MC_20231228_Master_Circular_for_Online_Resolution_of_Disputes_in_the_Indian_Securi.pdf
sebi-mc-20240507-master-circular-for-registrars--accf5eb9,SEBI_MC_20240507_Master_Circular_for_Registrars_to_an_Issue_and_Share_Transfer_Agents.pdf,pdf,SEBI,MASTER_CIRCULAR,CIRCULAR,Master Circular for Registrars to an Issue and Share Transfer Agents,UNKNOWN,COMPANY,P1,236,accf5eb9f53604e81f25ee9796ae44bf2faec81f81d6db1f375453e0c9e6b8e7,NOT_STARTED,DEFERRED,SUPERSEDED,registrar to an issue and share transfer agent,2024-05-07,True,fetched/sebi_master_circulars/SEBI_MC_20240507_Master_Circular_for_Registrars_to_an_Issue_and_Share_Transfer_Agents.pdf
sebi-mc-20240510-master-circular-for-custodians-bb1b1963,SEBI_MC_20240510_Master_Circular_for_Custodians.pdf,pdf,SEBI,MASTER_CIRCULAR,CIRCULAR,Master Circular for Custodians,GENERAL,COMPANY,P1,38,bb1b1963b22c8c68d08a171b3351ba23d24420a4dbc446083e09733dd156679b,NOT_STARTED,PENDING_EXTRACTION,ACTIVE,custodian,2024-05-10,False,fetched/sebi_master_circulars/SEBI_MC_20240510_Master_Circular_for_Custodians.pdf
sebi-mc-20240515-master-circular-for-infrastruct-62b5f4f4,SEBI_MC_20240515_Master_Circular_for_Infrastructure_Investment_Trusts_InvITs.pdf,pdf,SEBI,MASTER_CIRCULAR,CIRCULAR,Master Circular for Infrastructure Investment Trusts (InvITs),UNKNOWN,REIT_INVIT,P1,202,62b5f4f42de0e6b811cd971a4a1e795675cb7027d593a71eabcf30d6a93adce7,NOT_STARTED,DEFERRED,SUPERSEDED,infrastructure investment trust,2024-05-15,True,fetched/sebi_master_circulars/SEBI_MC_20240515_Master_Circular_for_Infrastructure_Investment_Trusts_InvITs.pdf
sebi-mc-20240515-master-circular-for-infrastruct-efd965f0,SEBI_MC_20240515_Master_Circular_for_Infrastructure_Investment_Trusts_InvITs_Updated.pdf,pdf,SEBI,MASTER_CIRCULAR,CIRCULAR,Master Circular for Infrastructure Investment Trusts (InvITs) (Updated),UNKNOWN,REIT_INVIT,P1,205,efd965f0379dc98db3fd4465b0085a95c934f8d09fff1fe668102af1288240a2,NOT_STARTED,DEFERRED,SUPERSEDED,infrastructure investment trust,2024-05-15,True,fetched/sebi_master_circulars/SEBI_MC_20240515_Master_Circular_for_Infrastructure_Investment_Trusts_InvITs_Updated.pdf
sebi-mc-20240515-master-circular-for-real-estate-d381ac22,SEBI_MC_20240515_Master_Circular_for_Real_Estate_Investment_Trusts_REITs.pdf,pdf,SEBI,MASTER_CIRCULAR,CIRCULAR,Master Circular for Real Estate Investment Trusts (REITs),UNKNOWN,REIT_INVIT,P1,187,d381ac22320b2f49074d543c1371ab8873c1e4150f806245e33d9d211e9c1904,NOT_STARTED,DEFERRED,SUPERSEDED,real estate investment trust,2024-05-15,True,fetched/sebi_master_circulars/SEBI_MC_20240515_Master_Circular_for_Real_Estate_Investment_Trusts_REITs.pdf
sebi-mc-20240515-master-circular-for-real-estate-c2c5e3fa,SEBI_MC_20240515_Master_Circular_for_Real_Estate_Investment_Trusts_REITs_Updated.pdf,pdf,SEBI,MASTER_CIRCULAR,CIRCULAR,Master Circular for Real Estate Investment Trusts (REITs) (Updated),UNKNOWN,REIT_INVIT,P1,188,c2c5e3fac6a3f005c37751d94584d37e9aa1f88113edff58b4d05d186e70e813,NOT_STARTED,DEFERRED,SUPERSEDED,real estate investment trust,2024-05-15,True,fetched/sebi_master_circulars/SEBI_MC_20240515_Master_Circular_for_Real_Estate_Investment_Trusts_REITs_Updated.pdf
sebi-mc-20240516-master-circular-for-credit-rati-aa414130,SEBI_MC_20240516_Master_Circular_for_Credit_Rating_Agencies_CRAs.pdf,pdf,SEBI,MASTER_CIRCULAR,CIRCULAR,Master Circular for Credit Rating Agencies (CRAs),GENERAL,COMPANY,P1,105,aa41413064cc7b916e3a233cbd8de1a5b5e2a8ef885c221dd8ee678e6543667f,NOT_STARTED,DEFERRED,SUPERSEDED,credit rating agencie,2024-05-16,False,fetched/sebi_master_circulars/SEBI_MC_20240516_Master_Circular_for_Credit_Rating_Agencies_CRAs.pdf
sebi-mc-20240516-master-circular-for-debenture-t-11a9ea00,SEBI_MC_20240516_Master_Circular_for_Debenture_Trustees_DTs.pdf,pdf,SEBI,MASTER_CIRCULAR,CIRCULAR,Master Circular for Debenture Trustees (DTs),GENERAL,COMPANY,P1,117,11a9ea00c6dd8e03c6d3219cc50392a4e705826fac8347dcef0f43ba73667457,NOT_STARTED,DEFERRED,SUPERSEDED,debenture trustee,2024-05-16,False,fetched/sebi_master_circulars/SEBI_MC_20240516_Master_Circular_for_Debenture_Trustees_DTs.pdf
sebi-mc-20240516-master-circular-for-esg-rating--cbe5eb1a,SEBI_MC_20240516_Master_Circular_for_ESG_Rating_Providers_ERPs.pdf,pdf,SEBI,MASTER_CIRCULAR,CIRCULAR,Master Circular for ESG Rating Providers (ERPs),GENERAL,COMPANY,P1,60,cbe5eb1a0c9e5c6ea84dcd5a043822f3661bc283574b2fce1672834734511438,NOT_STARTED,DEFERRED,SUPERSEDED,esg rating provider,2024-05-16,False,fetched/sebi_master_circulars/SEBI_MC_20240516_Master_Circular_for_ESG_Rating_Providers_ERPs.pdf
sebi-mc-20240521-master-circular-for-investment--8c48b1a1,SEBI_MC_20240521_Master_Circular_for_Investment_Advisers.pdf,pdf,SEBI,MASTER_CIRCULAR,CIRCULAR,Master Circular for Investment Advisers,GENERAL,COMPANY,P1,83,8c48b1a108459b95b396bb1f155e301a87cf456297af53e911dd463f60949cb0,NOT_STARTED,DEFERRED,SUPERSEDED,investment adviser,2024-05-21,False,fetched/sebi_master_circulars/SEBI_MC_20240521_Master_Circular_for_Investment_Advisers.pdf
sebi-mc-20240521-master-circular-for-research-an-905187ba,SEBI_MC_20240521_Master_Circular_for_Research_Analysts.pdf,pdf,SEBI,MASTER_CIRCULAR,CIRCULAR,Master Circular for Research Analysts,GENERAL,COMPANY,P1,53,905187ba55675ae1a7ebc08dbbde2da821bd9114b60117c5d3943bb3bc4315a6,NOT_STARTED,DEFERRED,SUPERSEDED,research analyst,2024-05-21,False,fetched/sebi_master_circulars/SEBI_MC_20240521_Master_Circular_for_Research_Analysts.pdf
sebi-mc-20240521-master-circular-for-listing-obl-8105944f,SEBI_MC_20240521_Master_Circular_for_listing_obligations_and_disclosure_requirements_fo.pdf,pdf,SEBI,MASTER_CIRCULAR,CIRCULAR,"Master Circular for listing obligations and disclosure requirements for Non-convertible Securities, Securitized Debt Instruments and/ or Commercial Paper",GENERAL,COMPANY,P1,113,8105944f51a53e0258e46f0400d35afbf8269dfab512628b6db2e830b95db6a7,NOT_STARTED,DEFERRED,SUPERSEDED,listing obligation and disclosure requirement for non convertible securitie securitized debt instrument and or commercial paper,2024-05-21,False,fetched/sebi_master_circulars/SEBI_MC_20240521_Master_Circular_for_listing_obligations_and_disclosure_requirements_fo.pdf
sebi-mc-20240522-master-circular-for-stock-broke-f505e33e,SEBI_MC_20240522_Master_Circular_for_Stock_Brokers.pdf,pdf,SEBI,MASTER_CIRCULAR,CIRCULAR,Master Circular for Stock Brokers,GENERAL,COMPANY,P1,414,f505e33eafad62453bd7f8f683000667e92732df14f9b141f791fed3fa1df9c1,NOT_STARTED,DEFERRED,SUPERSEDED,stock broker,2024-05-22,False,fetched/sebi_master_circulars/SEBI_MC_20240522_Master_Circular_for_Stock_Brokers.pdf
sebi-mc-20240522-master-circular-for-issue-and-l-00b03a35,SEBI_MC_20240522_Master_Circular_for_issue_and_listing_of_Non_convertible_Securities_Se.pdf,pdf,SEBI,MASTER_CIRCULAR,CIRCULAR,"Master Circular for issue and listing of Non-convertible Securities, Securitised Debt Instruments, Security Receipts, Municipal Debt Securities and Commercial Paper",UNKNOWN,COMPANY,P1,214,00b03a359d3d8c91bafc93dffc2be796037065494dbef094ed6bd719e99ac3bc,NOT_STARTED,DEFERRED,SUPERSEDED,issue and listing of non convertible securitie securitised debt instrument security receipt municipal debt securitie and commercial paper,2024-05-22,True,fetched/sebi_master_circulars/SEBI_MC_20240522_Master_Circular_for_issue_and_listing_of_Non_convertible_Securities_Se.pdf
sebi-mc-20240530-master-circular-for-foreign-por-e743ea0a,SEBI_MC_20240530_Master_Circular_for_Foreign_Portfolio_Investors_Designated_Depository.pdf,pdf,SEBI,MASTER_CIRCULAR,CIRCULAR,"Master Circular for Foreign Portfolio Investors, Designated Depository Participants and Eligible Foreign Investors",GENERAL,COMPANY,P1,68,e743ea0a8beb72e157d7e35a9be1ba9285ae70e30ce25a20d9e3621a76b54faf,NOT_STARTED,PENDING_EXTRACTION,ACTIVE,foreign portfolio investor designated depository participant and eligible foreign investor,2024-05-30,False,fetched/sebi_master_circulars/SEBI_MC_20240530_Master_Circular_for_Foreign_Portfolio_Investors_Designated_Depository.pdf
sebi-mc-20240603-master-circular-for-bankers-to--c6681963,SEBI_MC_20240603_Master_Circular_for_Bankers_to_an_Issue.pdf,pdf,SEBI,MASTER_CIRCULAR,CIRCULAR,Master Circular for Bankers to an Issue,GENERAL,COMPANY,P1,42,c66819639153e431226b7920f7dcbfcfee445c38c83305b211029d218a5f48a1,NOT_STARTED,PENDING_EXTRACTION,ACTIVE,banker to an issue,2024-06-03,False,fetched/sebi_master_circulars/SEBI_MC_20240603_Master_Circular_for_Bankers_to_an_Issue.pdf
sebi-mc-20240606-guidelines-on-anti-money-launde-450620ca,SEBI_MC_20240606_Guidelines_on_Anti_Money_Laundering_AML_Standards_and_Combating_the_Fi.pdf,pdf,SEBI,MASTER_CIRCULAR,CIRCULAR,"Guidelines on Anti-Money Laundering (AML) Standards and Combating the Financing of Terrorism (CFT) /Obligations of Securities Market Intermediaries under the Prevention of Money Laundering Act, 2002 and Rules framed there under",GENERAL,COMPANY,P1,37,450620ca8f82da6ea3ef1af428f75b45edcd822af4a4c214c2c49c434d5b469d,NOT_STARTED,PENDING_EXTRACTION,ACTIVE,guideline on anti money laundering standard and combating the financing of terrorism obligation of securitie market intermediarie under the prevention of money laundering act 2002 and rule framed there under,2024-06-06,False,fetched/sebi_master_circulars/SEBI_MC_20240606_Guidelines_on_Anti_Money_Laundering_AML_Standards_and_Combating_the_Fi.pdf
sebi-mc-20240607-master-circular-for-portfolio-m-cd9cc00a,SEBI_MC_20240607_Master_Circular_for_Portfolio_Managers.pdf,pdf,SEBI,MASTER_CIRCULAR,CIRCULAR,Master Circular for Portfolio Managers,GENERAL,COMPANY,P1,175,cd9cc00a746581fe39e56a777b95c231f617bb654c29de24e472c9fe30a499a2,NOT_STARTED,DEFERRED,SUPERSEDED,portfolio manager,2024-06-07,False,fetched/sebi_master_circulars/SEBI_MC_20240607_Master_Circular_for_Portfolio_Managers.pdf
sebi-mc-20240624-master-circular-for-electronic--fedf1d32,SEBI_MC_20240624_Master_Circular_for_Electronic_Gold_Receipts_EGRs.pdf,pdf,SEBI,MASTER_CIRCULAR,CIRCULAR,Master Circular for Electronic Gold Receipts (EGRs),GENERAL,COMPANY,P1,56,fedf1d32f64c50d7868defb31bf123dd39b64030907e578bba23764565a23ca4,NOT_STARTED,PENDING_EXTRACTION,ACTIVE,electronic gold receipt,2024-06-24,False,fetched/sebi_master_circulars/SEBI_MC_20240624_Master_Circular_for_Electronic_Gold_Receipts_EGRs.pdf
sebi-mc-20240627-master-circular-for-mutual-fund-c01735fc,SEBI_MC_20240627_Master_Circular_for_Mutual_Funds.pdf,pdf,SEBI,MASTER_CIRCULAR,CIRCULAR,Master Circular for Mutual Funds,GENERAL,COMPANY,P1,828,c01735fc579274c9f37cd3c3d5435d1db241e92df30e5b4a8ff5dc4c2e5fa134,NOT_STARTED,DEFERRED,SUPERSEDED,mutual fund,2024-06-27,False,fetched/sebi_master_circulars/SEBI_MC_20240627_Master_Circular_for_Mutual_Funds.pdf
sebi-mc-20240709-master-circular-on-surveillance-07c58941,SEBI_MC_20240709_Master_Circular_on_Surveillance_of_Securities_Market.pdf,pdf,SEBI,MASTER_CIRCULAR,CIRCULAR,Master Circular on Surveillance of Securities Market,GENERAL,COMPANY,P1,28,07c58941cc7f90279eed7e517fa43eac485a3af8c8e253d99c799812acb3f2a9,NOT_STARTED,DEFERRED,SUPERSEDED,surveillance of securitie market,2024-07-09,False,fetched/sebi_master_circulars/SEBI_MC_20240709_Master_Circular_on_Surveillance_of_Securities_Market.pdf
sebi-mc-20240809-master-circular-for-stock-broke-a6a30dd4,SEBI_MC_20240809_Master_Circular_for_Stock_Brokers.pdf,pdf,SEBI,MASTER_CIRCULAR,CIRCULAR,Master Circular for Stock Brokers,GENERAL,COMPANY,P1,419,a6a30dd46ec3230348400e38b50707cb2aa2634de07a48ea02602cdb76a55822,NOT_STARTED,DEFERRED,SUPERSEDED,stock broker,2024-08-09,False,fetched/sebi_master_circulars/SEBI_MC_20240809_Master_Circular_for_Stock_Brokers.pdf
sebi-mc-20240923-master-circular-on-surveillance-38b59625,SEBI_MC_20240923_Master_Circular_on_Surveillance_of_Securities_Market.pdf,pdf,SEBI,MASTER_CIRCULAR,CIRCULAR,Master Circular on Surveillance of Securities Market,GENERAL,COMPANY,P1,28,38b596252ad72ec967ca7e3b16a4b435fcaf72a595fd0f5d3a84d758ae6bb236,NOT_STARTED,DEFERRED,SUPERSEDED,surveillance of securitie market,2024-09-23,False,fetched/sebi_master_circulars/SEBI_MC_20240923_Master_Circular_on_Surveillance_of_Securities_Market.pdf
sebi-mc-20241111-master-circular-for-issue-of-ca-dc1b8671,SEBI_MC_20241111_Master_Circular_for_Issue_of_Capital_and_Disclosure_Requirements.pdf,pdf,SEBI,MASTER_CIRCULAR,CIRCULAR,Master Circular for Issue of Capital and Disclosure Requirements,PUBLIC_ISSUE,COMPANY,P1,132,dc1b8671c4dc2afcebc0bbbde466c7b9d478755e4d8e32a9a9f2cf94828b6179,NOT_STARTED,DEFERRED,SUPERSEDED,issue of capital and disclosure requirement,2024-11-11,False,fetched/sebi_master_circulars/SEBI_MC_20241111_Master_Circular_for_Issue_of_Capital_and_Disclosure_Requirements.pdf
sebi-mc-20241111-master-circular-for-compliance--10f9ddcf,SEBI_MC_20241111_Master_circular_for_compliance_with_the_provisions_of_the_Securities_a.pdf,pdf,SEBI,MASTER_CIRCULAR,CIRCULAR,"Master circular for compliance with the provisions of the Securities and Exchange Board of India (Listing Obligations and Disclosure Requirements) Regulations, 2015 by listed entities",UNKNOWN,COMPANY,P1,261,10f9ddcfe2694fc9c0f102c479a1decd6a25697cbefe6782b39aa60884161b62,NOT_STARTED,DEFERRED,SUPERSEDED,compliance with the provision of the securitie and exchange board of india listing obligation and disclosure requirement regulation 2015 by listed entitie,2024-11-11,True,fetched/sebi_master_circulars/SEBI_MC_20241111_Master_circular_for_compliance_with_the_provisions_of_the_Securities_a.pdf
sebi-mc-20241203-master-circular-for-depositorie-bc113d4f,SEBI_MC_20241203_Master_Circular_for_Depositories.pdf,pdf,SEBI,MASTER_CIRCULAR,CIRCULAR,Master Circular for Depositories,UNKNOWN,COMPANY,P1,309,bc113d4f5cdf811adb8db5f73c7bf98fd612e27bf0caeb31af67a9a9f69d16a4,NOT_STARTED,PENDING_EXTRACTION,ACTIVE,depositorie,2024-12-03,True,fetched/sebi_master_circulars/SEBI_MC_20241203_Master_Circular_for_Depositories.pdf
sebi-mc-20241230-master-circular-for-stock-excha-251ede45,SEBI_MC_20241230_Master_Circular_for_Stock_Exchanges_and_Clearing_Corporations.pdf,pdf,SEBI,MASTER_CIRCULAR,CIRCULAR,Master Circular for Stock Exchanges and Clearing Corporations,GENERAL,COMPANY,P1,4,251ede452579cb403c34bab49217a2641ec8457a7471b2197e5bd1627bdd31fe,NOT_STARTED,PENDING_EXTRACTION,ACTIVE,stock exchange and clearing corporation,2024-12-30,False,fetched/sebi_master_circulars/SEBI_MC_20241230_Master_Circular_for_Stock_Exchanges_and_Clearing_Corporations.pdf
sebi-mc-20250617-master-circular-for-stock-broke-e268b5a1,SEBI_MC_20250617_Master_Circular_for_Stock_Brokers.pdf,pdf,SEBI,MASTER_CIRCULAR,CIRCULAR,Master Circular for Stock Brokers,GENERAL,COMPANY,P1,399,e268b5a1971c4d366872c371b986f03ab7f78c5311af84ef9023605ca2e4c190,NOT_STARTED,PENDING_EXTRACTION,ACTIVE,stock broker,2025-06-17,False,fetched/sebi_master_circulars/SEBI_MC_20250617_Master_Circular_for_Stock_Brokers.pdf
sebi-mc-20250623-master-circular-for-registrars--2d9f7b12,SEBI_MC_20250623_Master_Circular_for_Registrars_to_an_Issue_and_Share_Transfer_Agents.pdf,pdf,SEBI,MASTER_CIRCULAR,CIRCULAR,Master Circular for Registrars to an Issue and Share Transfer Agents,UNKNOWN,COMPANY,P1,231,2d9f7b121b4590111f5522f88ff96f2d3f18d29e68ffc91c41d9d4dec082e661,NOT_STARTED,DEFERRED,SUPERSEDED,registrar to an issue and share transfer agent,2025-06-23,True,fetched/sebi_master_circulars/SEBI_MC_20250623_Master_Circular_for_Registrars_to_an_Issue_and_Share_Transfer_Agents.pdf
sebi-mc-20250627-master-circular-for-investment--d6ccc707,SEBI_MC_20250627_Master_Circular_for_Investment_Advisers.pdf,pdf,SEBI,MASTER_CIRCULAR,CIRCULAR,Master Circular for Investment Advisers,GENERAL,COMPANY,P1,94,d6ccc7078c571dcbf2760b5c0b1ca623588ee27cf0560ad6b9ed181f1c04471e,NOT_STARTED,DEFERRED,SUPERSEDED,investment adviser,2025-06-27,False,fetched/sebi_master_circulars/SEBI_MC_20250627_Master_Circular_for_Investment_Advisers.pdf
sebi-mc-20250627-master-circular-for-research-an-f5912ee8,SEBI_MC_20250627_Master_Circular_for_Research_Analysts.pdf,pdf,SEBI,MASTER_CIRCULAR,CIRCULAR,Master Circular for Research Analysts,GENERAL,COMPANY,P1,87,f5912ee8490e8ff5d7a709fb9e29077d5054da1a6d8d98252f897a99e40fa318,NOT_STARTED,DEFERRED,SUPERSEDED,research analyst,2025-06-27,False,fetched/sebi_master_circulars/SEBI_MC_20250627_Master_Circular_for_Research_Analysts.pdf
sebi-mc-20250711-master-circular-for-credit-rati-4f4d3670,SEBI_MC_20250711_Master_Circular_for_Credit_Rating_Agencies_CRAs.pdf,pdf,SEBI,MASTER_CIRCULAR,CIRCULAR,Master Circular for Credit Rating Agencies (CRAs),GENERAL,COMPANY,P1,109,4f4d3670f9d0afdd0e1735a2f72f612e0f21410039d7403ffb06edd9be871eff,NOT_STARTED,PENDING_EXTRACTION,ACTIVE,credit rating agencie,2025-07-11,False,fetched/sebi_master_circulars/SEBI_MC_20250711_Master_Circular_for_Credit_Rating_Agencies_CRAs.pdf
sebi-mc-20250711-master-circular-for-esg-rating--09a6ba33,SEBI_MC_20250711_Master_Circular_for_ESG_Rating_Providers_ERPs.pdf,pdf,SEBI,MASTER_CIRCULAR,CIRCULAR,Master Circular for ESG Rating Providers (ERPs),GENERAL,COMPANY,P1,68,09a6ba33f5f2b5da02f18c80e653a3c8ce4361728b7f604c34ab584ba691b0ae,NOT_STARTED,PENDING_EXTRACTION,ACTIVE,esg rating provider,2025-07-11,False,fetched/sebi_master_circulars/SEBI_MC_20250711_Master_Circular_for_ESG_Rating_Providers_ERPs.pdf
sebi-mc-20250711-master-circular-for-infrastruct-536b4f57,SEBI_MC_20250711_Master_Circular_for_Infrastructure_Investment_Trusts_InvITs.pdf,pdf,SEBI,MASTER_CIRCULAR,CIRCULAR,Master Circular for Infrastructure Investment Trusts (InvITs),UNKNOWN,REIT_INVIT,P1,237,536b4f570e3a77a9ddaab6bbe4a70a1af1d71fa475555127daaa5ecbe5ce788d,NOT_STARTED,DEFERRED,ACTIVE,infrastructure investment trust,2025-07-11,True,fetched/sebi_master_circulars/SEBI_MC_20250711_Master_Circular_for_Infrastructure_Investment_Trusts_InvITs.pdf
sebi-mc-20250711-master-circular-for-real-estate-dd087f99,SEBI_MC_20250711_Master_Circular_for_Real_Estate_Investment_Trusts_REITs.pdf,pdf,SEBI,MASTER_CIRCULAR,CIRCULAR,Master Circular for Real Estate Investment Trusts (REITs),UNKNOWN,REIT_INVIT,P1,216,dd087f994d6daa3a5664537e641172417f4ef887e997d872e7f8ae98b7cb9dbf,NOT_STARTED,DEFERRED,ACTIVE,real estate investment trust,2025-07-11,True,fetched/sebi_master_circulars/SEBI_MC_20250711_Master_Circular_for_Real_Estate_Investment_Trusts_REITs.pdf
sebi-mc-20250711-master-circular-for-listing-obl-d0aed4fb,SEBI_MC_20250711_Master_Circular_for_listing_obligations_and_disclosure_requirements_fo.pdf,pdf,SEBI,MASTER_CIRCULAR,CIRCULAR,"Master Circular for listing obligations and disclosure requirements for Non-convertible Securities, Securitized Debt Instruments and/ or Commercial Paper",GENERAL,COMPANY,P1,114,d0aed4fb1a5e5ef1d9149e4ddfae0154d9c7a6a82dd103f9d00d68f347ad7106,NOT_STARTED,PENDING_EXTRACTION,ACTIVE,listing obligation and disclosure requirement for non convertible securitie securitized debt instrument and or commercial paper,2025-07-11,False,fetched/sebi_master_circulars/SEBI_MC_20250711_Master_Circular_for_listing_obligations_and_disclosure_requirements_fo.pdf
sebi-mc-20250716-master-circular-for-portfolio-m-acb45418,SEBI_MC_20250716_Master_Circular_for_Portfolio_Managers.pdf,pdf,SEBI,MASTER_CIRCULAR,CIRCULAR,Master Circular for Portfolio Managers,GENERAL,COMPANY,P1,207,acb454182b611adcf894e0b58abc2e4741077664a2f0c3052498cd24dedd8498,NOT_STARTED,PENDING_EXTRACTION,ACTIVE,portfolio manager,2025-07-16,False,fetched/sebi_master_circulars/SEBI_MC_20250716_Master_Circular_for_Portfolio_Managers.pdf
sebi-mc-20250813-master-circular-for-debenture-t-825c002c,SEBI_MC_20250813_Master_Circular_for_Debenture_Trustees_DTs.pdf,pdf,SEBI,MASTER_CIRCULAR,CIRCULAR,Master Circular for Debenture Trustees (DTs),GENERAL,COMPANY,P1,122,825c002c31fc9143482101a4bd555000e7520bc6ef68732ace78e1997e3feff8,NOT_STARTED,PENDING_EXTRACTION,ACTIVE,debenture trustee,2025-08-13,False,fetched/sebi_master_circulars/SEBI_MC_20250813_Master_Circular_for_Debenture_Trustees_DTs.pdf
sebi-mc-20251015-master-circular-for-issue-and-l-57a07691,SEBI_MC_20251015_Master_Circular_for_issue_and_listing_of_Non_convertible_Securities_Se.pdf,pdf,SEBI,MASTER_CIRCULAR,CIRCULAR,"Master Circular for issue and listing of Non-convertible Securities, Securitised Debt Instruments, Security Receipts, Municipal Debt Securities and Commercial Paper",UNKNOWN,COMPANY,P1,215,57a076910ad9e4477261aab3a5444025ec329c33201bc1211699d9f42c520b16,NOT_STARTED,PENDING_EXTRACTION,ACTIVE,issue and listing of non convertible securitie securitised debt instrument security receipt municipal debt securitie and commercial paper,2025-10-15,True,fetched/sebi_master_circulars/SEBI_MC_20251015_Master_Circular_for_issue_and_listing_of_Non_convertible_Securities_Se.pdf
sebi-mc-20260119-master-circular-for-framework-o-c74df98e,SEBI_MC_20260119_Master_Circular_for_Framework_on_Social_Stock_Exchange.pdf,pdf,SEBI,MASTER_CIRCULAR,CIRCULAR,Master Circular for Framework on Social Stock Exchange,GENERAL,COMPANY,P1,31,c74df98e946110cf3e822b7c244fe7e06a99de9991850c7d6628a37b52babeda,NOT_STARTED,PENDING_EXTRACTION,ACTIVE,framework on social stock exchange,2026-01-19,False,fetched/sebi_master_circulars/SEBI_MC_20260119_Master_Circular_for_Framework_on_Social_Stock_Exchange.pdf
sebi-mc-20260206-master-circular-for-investment--ab1d6f24,SEBI_MC_20260206_Master_Circular_for_Investment_Advisers.pdf,pdf,SEBI,MASTER_CIRCULAR,CIRCULAR,Master Circular for Investment Advisers,GENERAL,COMPANY,P1,99,ab1d6f24e184cc2766052b9c3a0fc28ee237b9c2e02fae8d5129f5dd1970cdce,NOT_STARTED,PENDING_EXTRACTION,ACTIVE,investment adviser,2026-02-06,False,fetched/sebi_master_circulars/SEBI_MC_20260206_Master_Circular_for_Investment_Advisers.pdf
sebi-mc-20260206-master-circular-for-registrars--941c0ead,SEBI_MC_20260206_Master_Circular_for_Registrars_to_an_Issue_and_Share_Transfer_Agents.pdf,pdf,SEBI,MASTER_CIRCULAR,CIRCULAR,Master Circular for Registrars to an Issue and Share Transfer Agents,UNKNOWN,COMPANY,P1,294,941c0ead482767390be4e4af36d863372c3da8d1242f6f97903d4ef5671d4226,NOT_STARTED,PENDING_EXTRACTION,ACTIVE,registrar to an issue and share transfer agent,2026-02-06,True,fetched/sebi_master_circulars/SEBI_MC_20260206_Master_Circular_for_Registrars_to_an_Issue_and_Share_Transfer_Agents.pdf
sebi-mc-20260206-master-circular-for-research-an-a5f6855f,SEBI_MC_20260206_Master_Circular_for_Research_Analysts.pdf,pdf,SEBI,MASTER_CIRCULAR,CIRCULAR,Master Circular for Research Analysts,GENERAL,COMPANY,P1,107,a5f6855f6c036b7f29ea82db4bcdc62fbf35c17fd79a65fd3bbfc52d9c2a2742,NOT_STARTED,PENDING_EXTRACTION,ACTIVE,research analyst,2026-02-06,False,fetched/sebi_master_circulars/SEBI_MC_20260206_Master_Circular_for_Research_Analysts.pdf
sebi-mc-20260320-master-circular-for-mutual-fund-6402ffa7,SEBI_MC_20260320_Master_Circular_for_Mutual_Funds.pdf,pdf,SEBI,MASTER_CIRCULAR,CIRCULAR,Master Circular for Mutual Funds,GENERAL,COMPANY,P1,748,6402ffa74560ab58c591c736e0da02e85b7c4d8de6690d46f9da366e6e4804e3,NOT_STARTED,PENDING_EXTRACTION,ACTIVE,mutual fund,2026-03-20,False,fetched/sebi_master_circulars/SEBI_MC_20260320_Master_Circular_for_Mutual_Funds.pdf
sebi-mc-20260515-master-circular-on-surveillance-8191b73c,SEBI_MC_20260515_Master_Circular_on_Surveillance_of_Securities_Market.pdf,pdf,SEBI,MASTER_CIRCULAR,CIRCULAR,Master Circular on Surveillance of Securities Market,UNKNOWN,COMPANY,P1,38,8191b73c0ce55022990dbc10f929caa40a078a827b4865d8acffbef589bc44fb,NOT_STARTED,PENDING_EXTRACTION,ACTIVE,surveillance of securitie market,2026-05-15,True,fetched/sebi_master_circulars/SEBI_MC_20260515_Master_Circular_on_Surveillance_of_Securities_Market.pdf
sebi-mc-20260603-master-circular-for-alternative-ad8253cd,SEBI_MC_20260603_Master_Circular_for_Alternative_Investment_Funds_AIFs.pdf,pdf,SEBI,MASTER_CIRCULAR,CIRCULAR,Master Circular for Alternative Investment Funds (AIFs),PRIVATE_PLACEMENT,COMPANY,P1,153,ad8253cdeee559f8b8b611b8fb5b1bac8fc173537d3d89fc3471fd9dbdb79b61,NOT_STARTED,PENDING_EXTRACTION,ACTIVE,alternative investment fund,2026-06-03,False,fetched/sebi_master_circulars/SEBI_MC_20260603_Master_Circular_for_Alternative_Investment_Funds_AIFs.pdf
sebi-mc-20260714-master-circular-for-merchant-ba-e4f871e2,SEBI_MC_20260714_Master_Circular_for_Merchant_Bankers.pdf,pdf,SEBI,MASTER_CIRCULAR,CIRCULAR,Master Circular for Merchant Bankers,UNKNOWN,COMPANY,P1,105,e4f871e2fc41635e013639cd621526ecc87576d9ea188717eb014720790a36d3,NOT_STARTED,PENDING_EXTRACTION,ACTIVE,merchant banker,2026-07-14,True,fetched/sebi_master_circulars/SEBI_MC_20260714_Master_Circular_for_Merchant_Bankers.pdf
281-qip-invits-0-20260504153924-8caab4a5,281_QIP_InvITs_0_20260504153924.docx,docx,NSE,UNKNOWN,UNKNOWN,Format of the confirmation to be submitted on the letter head of the company:,UNKNOWN,REIT_INVIT,P2,1,8caab4a5910d6c10b8062405cd8b62dc42a513dec47597d3a45844920f0e9ddd,NOT_STARTED,DEFERRED,ACTIVE,,,True,originals/281_QIP_InvITs_0_20260504153924.docx
281-qip-reits-0-20260504154156-975ba7b5,281_QIP_REITS_0_20260504154156.docx,docx,NSE,CHECKLIST,CHECKLIST,"issued under SEBI (Real Estate Investment Trusts) Regulations, 2014",UNKNOWN,REIT_INVIT,P2,1,975ba7b504883e435d77731b015b9786d977e55225a7be2b03d561b2fe36db1e,NOT_STARTED,DEFERRED,ACTIVE,,,True,originals/281_QIP_REITS_0_20260504154156.docx
checklist-recommencement-of-trading-e30818a4,Checklist_Recommencement_of_Trading.xlsx,xlsx,NSE,CHECKLIST,CHECKLIST,[sheet: Instructions],GENERAL,COMPANY,P2,2,e30818a46e615597695fc36f2c26d979a9681875c9928691d90be21a5ba463d3,NOT_STARTED,PENDING_EXTRACTION,ACTIVE,,,False,originals/Checklist_Recommencement_F_extracted/Checklist_Recommencement/Checklist_Recommencement_of_Trading.xlsx
form-of-listing-aplication-487b76f1,Form of Listing Aplication.docx,docx,NSE,LISTING_REQUIREMENT,CHECKLIST,NATIONAL STOCK EXCHANGE OF INDIA LIMITED,GENERAL,COMPANY,P2,1,487b76f1350ecdb230721c8fe1a71acf8be3e83c03aee9072669ae51ba089c9d,NOT_STARTED,PENDING_EXTRACTION,ACTIVE,,,False,originals/Checklist_Recommencement_F_extracted/Checklist_Recommencement/Form of Listing Aplication.docx
companies-prospectus-and-allotment-of-securities-1f737c30,Companies (Prospectus and Allotment of Securities) Rules.pdf,pdf,MCA,RULE,RULES,SHARE CAPITAL & DEBENTURES,PUBLIC_ISSUE,COMPANY,P0,11,1f737c304cbe9de4a6b2d87da2b94bca32b25ee00335f64cde13003f5d2a2ecd,NOT_STARTED,PENDING_EXTRACTION,ACTIVE,,,False,originals/Companies (Prospectus and Allotment of Securities) Rules.pdf
companies-share-capital-and-debentures-rules-64039399,Companies (Share Capital and Debentures) Rules.pdf,pdf,MCA,RULE,RULES,"COMPANIES (SHARE CAPITAL AND DEBENTURES) RULES, 2014",UNKNOWN,COMPANY,P0,25,640393992f3e8acfcb4d8fb4b1d38a3b4b4a1b06242b0838bd2d6a5b10941423,NOT_STARTED,PENDING_EXTRACTION,ACTIVE,,,True,originals/Companies (Share Capital and Debentures) Rules.pdf
companies-act-2013-325a7d09,Companies Act 2013.pdf,pdf,MCA,ACT,ACT,"THE COMPANIES ACT, 2013",PRIVATE_PLACEMENT,COMPANY,P0,288,325a7d09574541cd2cd48f558c42d8a8f9109830a271007c46196caa6675a832,NOT_STARTED,PENDING_EXTRACTION,ACTIVE,,,False,originals/Companies Act 2013.pdf
download-post-allotment-a57e1202,Download Post-Allotment.docx,docx,NSE,CHECKLIST,CHECKLIST,List of documents/details required for listing of shares/ securities issued on Preferential/Private Placement basis (Post Allotment),PRIVATE_PLACEMENT,COMPANY,P2,1,a57e120201dcba4777049afc7a945c5a2b922cf2a2850f9db47605704ecb6b87,NOT_STARTED,PENDING_EXTRACTION,ACTIVE,,,False,originals/Download_Post-Allotment_20260504153404_extracted/Download Post-Allotment/Download Post-Allotment.docx
points-to-remember-post-allotment-f6a19833,Points to remember_post allotment.docx,docx,UNKNOWN,UNKNOWN,UNKNOWN,Points to be Remembered.,PREFERENTIAL,COMPANY,P3,1,f6a198339a9780062db4f20dec3688e3f74eac61a36caa2f26ef26995b4997a0,NOT_STARTED,PENDING_EXTRACTION,ACTIVE,,,True,originals/Download_Post-Allotment_20260504153404_extracted/Download Post-Allotment/Points to remember_post allotment.docx
download-pre-allotment-ace085af,Download_Pre-Allotment_.docx,docx,NSE,CHECKLIST,CHECKLIST,"issued under QIP under Regulation 28(1) of the SEBI (LODR) Regulations, 2015",QIP,COMPANY,P2,1,ace085af823ff28b152e2f975be94ba62ae43594a45773b9e37f580accc283bb,NOT_STARTED,PENDING_EXTRACTION,ACTIVE,,,False,originals/Download_Pre-Allotment_.docx
part-i-d6ff87e8,Part I.pdf,pdf,NSE,UNKNOWN,UNKNOWN,LETTER OF APPLICATION,GENERAL,COMPANY,P2,1,d6ff87e89be7478c879fc14a56126b3e4b2182122e2d9539c31d4e62f94cd031,NOT_STARTED,PENDING_EXTRACTION,ACTIVE,,,True,originals/FPO_Checklist_extracted/FPO_Checklist/FPO_Final Listing_Checklist/Part I.pdf
part-ii-e68713a9,Part II.pdf,pdf,NSE,UNKNOWN,UNKNOWN,Issue Details,PUBLIC_ISSUE,COMPANY,P2,2,e68713a9730accb50df737745772caa8aefb8fe1a2907974ec0d53aec84d14df,NOT_STARTED,PENDING_EXTRACTION,ACTIVE,,,True,originals/FPO_Checklist_extracted/FPO_Checklist/FPO_Final Listing_Checklist/Part II.pdf
t-2-fpo-abe9b620,T+2 FPO.pdf,pdf,NSE,UNKNOWN,UNKNOWN,NATIONAL STOCK EXCHANGE OF INDIA LIMITED,FPO,COMPANY,P2,2,abe9b620ced680725a51215c7f7c24948d8af5d8fc006306f1bb5cbfa00923f6,NOT_STARTED,PENDING_EXTRACTION,ACTIVE,,,True,originals/FPO_Checklist_extracted/FPO_Checklist/FPO_Final Listing_Checklist/T+2 FPO.pdf
t-3-fpo-if-nse-is-not-designated-stock-exchange-6e2c4256,T+3 FPO if NSE is not Designated Stock Exchange.pdf,pdf,NSE,UNKNOWN,UNKNOWN,NATIONAL STOCK EXCHANGE OF INDIA LIMITED,FPO,COMPANY,P2,1,6e2c4256ccf073ed7c628b06b9f3f80812b728b13535a93c91bd674ab61d98aa,NOT_STARTED,PENDING_EXTRACTION,ACTIVE,,,True,originals/FPO_Checklist_extracted/FPO_Checklist/FPO_Final Listing_Checklist/T+3 FPO if NSE is not Designated Stock Exchange.pdf
t-3-fpo-cccb7af1,T+3 FPO.pdf,pdf,NSE,UNKNOWN,UNKNOWN,NATIONAL STOCK EXCHANGE OF INDIA LIMITED,FPO,COMPANY,P2,3,cccb7af15d31ebc0e7e61dd0c7d792bc4638eea9589253842d83ce8f47d36d06,NOT_STARTED,PENDING_EXTRACTION,ACTIVE,,,True,originals/FPO_Checklist_extracted/FPO_Checklist/FPO_Final Listing_Checklist/T+3 FPO.pdf
t-4-fpo-c058fc65,T+4 FPO.pdf,pdf,NSE,UNKNOWN,UNKNOWN,NATIONAL STOCK EXCHANGE OF INDIA LIMITED,FPO,COMPANY,P2,4,c058fc65cca6e50b8d4ca3b417a9623a8bb465f2279280efbd2b8d08ea261d19,NOT_STARTED,PENDING_EXTRACTION,ACTIVE,,,True,originals/FPO_Checklist_extracted/FPO_Checklist/FPO_Final Listing_Checklist/T+4 FPO.pdf
t-5-fpo-636f879e,T+5 FPO.pdf,pdf,NSE,UNKNOWN,UNKNOWN,NATIONAL STOCK EXCHANGE OF INDIA LIMITED,FPO,COMPANY,P2,1,636f879e98cdacf66586637c228027f8ccd27e97d60d8d672f6284fc73416fd2,NOT_STARTED,PENDING_EXTRACTION,ACTIVE,,,True,originals/FPO_Checklist_extracted/FPO_Checklist/FPO_Final Listing_Checklist/T+5 FPO.pdf
fpo-inprinciple-checklist-revised-21d7cd1a,FPO_Inprinciple_Checklist_Revised.pdf,pdf,NSE,CHECKLIST,CHECKLIST,Non-Confidential,FPO,COMPANY,P2,7,21d7cd1abb5413798c2fd4cc7e956c37b91c8acc6dc5e70e908ebd47b3a90a30,NOT_STARTED,PENDING_EXTRACTION,ACTIVE,,,False,originals/FPO_Checklist_extracted/FPO_Checklist/FPO_Inprinciple_Checklist_Revised.pdf
final-listing-preferential-14b337d2,Final_Listing_Preferential.docx,docx,NSE,CHECKLIST,CHECKLIST,List of documents/details required for Final trading approval of shares,UNKNOWN,COMPANY,P2,1,14b337d20c407cbba18e741e763bace1b0188534f77a549fcf847ff3b37b440a,NOT_STARTED,PENDING_EXTRACTION,ACTIVE,,,True,originals/Final_Listing_Preferential.docx
final-listing-preferential-reit-7a090df0,Final_Listing_Preferential_REIT.doc,doc,UNKNOWN,CHECKLIST,CHECKLIST,List of documents/details required for Final trading approval of units,UNKNOWN,REIT_INVIT,P2,1,7a090df0a372c7524b1b231ee677bdd9f15fa62841076b53264292a54a6859b2,NOT_STARTED,DEFERRED,ACTIVE,,,True,originals/Final_Listing_Preferential_REIT.doc
form-pas-3-71132ad1,Form PAS-3.pdf,pdf,MCA,FORM,UNKNOWN,"[Pursuant to section 39(4) and 42 (9) of the Companies Act, 2013 and rule 12 and 14 of Companies (Prospectus and Allotm",UNKNOWN,COMPANY,P2,5,71132ad186eb4745da0fa89f43b4ca75014f611cdeb381fa9a150c099f5ce72a,NOT_STARTED,PENDING_EXTRACTION,ACTIVE,,,True,originals/Form PAS-3.pdf
inprinciple-approval-invits-0-1-e53ff681,InPrinciple_Approval_InvITs_0_1.docx,docx,UNKNOWN,CHECKLIST,CHECKLIST,Sr. No. | List of Documents/ details to be submitted | Yes/No/Not Applicable,PREFERENTIAL,REIT_INVIT,P2,1,e53ff681efa23e9e72710037723780fd4d6f6c96ffa3ea5141130793a5ffbbf7,NOT_STARTED,DEFERRED,ACTIVE,,,True,originals/InPrinciple_Approval_InvITs_0_1.docx
inprinciple-approval-reit-0-0-8b1d3e9b,InPrinciple_Approval_REIT_0_0.docx,docx,UNKNOWN,CHECKLIST,CHECKLIST,Sr. No. | List of Documents/ details to be submitted | Yes/No/Not Applicable,PREFERENTIAL,REIT_INVIT,P2,1,8b1d3e9b4ce6ce0a85ffe11f4c5e3b26bd9c3079d249dbf2eff3305b6e69aa40,NOT_STARTED,DEFERRED,ACTIVE,,,True,originals/InPrinciple_Approval_REIT_0_0.docx
mca-instruction-kit-mgt-14-0f8c29ea,MCA Instruction Kit MGT-14.pdf,pdf,MCA,INSTRUCTION_KIT,UNKNOWN,Instruction Kit for Form No. MGT-14,GENERAL,COMPANY,P2,15,0f8c29ead7e5b499a0870f9fc6c804ddd906ef315a09de5e8e4495565f1620d1,NOT_STARTED,PENDING_EXTRACTION,ACTIVE,,,False,originals/MCA Instruction Kit MGT-14.pdf
mca-instruction-kit-sh-7-25a9e662,MCA Instruction Kit SH-7.pdf,pdf,MCA,INSTRUCTION_KIT,UNKNOWN,Instruction Kit for Form No. SH- 7,GENERAL,COMPANY,P2,25,25a9e662b3dcde872397561d9f6d02fb74d6e86f2cee91bb44a7451be413dd2b,NOT_STARTED,PENDING_EXTRACTION,ACTIVE,,,False,originals/MCA Instruction Kit SH-7.pdf
post-allotment-sweat-equity-0-0-85b03e42,Post Allotment ( Sweat Equity )_0_0.docx,docx,NSE,CHECKLIST,CHECKLIST,List of documents/details required for listing of shares/ securities issued pursuant to Sweat Equity Shares,SWEAT_EQUITY,COMPANY,P2,1,85b03e429cf18ed6f5fc39c98a58777971760e36276186f9500498d757bbf102,NOT_STARTED,PENDING_EXTRACTION,ACTIVE,,,False,originals/Post Allotment ( Sweat Equity )_0_0.docx
post-allotment-invits-0-0-20260504153537-fe5d5a08,Post_allotment_InvITs_0_0_20260504153537.docx,docx,NSE,CHECKLIST,CHECKLIST,List of documents/details required for listing of Units/ securities allotted on preferential basis,UNKNOWN,REIT_INVIT,P2,1,fe5d5a081c0ad52d0c00cd1a6958246d2ba6c090c1818a3b7ad79e5f3a7fb9a5,NOT_STARTED,DEFERRED,ACTIVE,,,True,originals/Post_allotment_InvITs_0_0_20260504153537.docx
post-allotment-rights-0-dd3e7518,Post_allotment_Rights_0.docx,docx,NSE,CHECKLIST,CHECKLIST,Sr. No. | Documents to be submitted | Yes/No/Not Applicable,RIGHTS,COMPANY,P2,1,dd3e7518d9f112cf02e01b8cb1dae807f1bbfb420cd7a3b63c0ce816d955036e,NOT_STARTED,PENDING_EXTRACTION,ACTIVE,,,False,originals/Post_allotment_Rights_0.docx
post-allotment-pref-reit-0-20260504153658-dde2a535,Post_allotment__Pref_REIT_0_20260504153658.docx,docx,NSE,CHECKLIST,CHECKLIST,List of documents/details required for listing of Units/ securities allotted on preferential basis,UNKNOWN,REIT_INVIT,P2,1,dde2a535531e6e74b1f04f06cd047d4998a164fc8f4adf628bb027a2c2097b32,NOT_STARTED,DEFERRED,ACTIVE,,,True,originals/Post_allotment__Pref_REIT_0_20260504153658.docx
pre-allotment-sweat-equity-4226094c,Pre-allotment_(Sweat Equity).docx,docx,NSE,CHECKLIST,CHECKLIST,Sr. No. | List of documents/ details to be submitted | Yes/No/Not Applicable,SWEAT_EQUITY,COMPANY,P2,1,4226094ca7af070f1fda75242459560fc3eb4291c83a9599807f80eb79102cda,NOT_STARTED,PENDING_EXTRACTION,ACTIVE,,,False,originals/Pre-allotment_(Sweat Equity).docx
checklist-preferential-issue-pre-ffe507ab,Checklist_Preferential_issue_Pre.docx,docx,UNKNOWN,CHECKLIST,CHECKLIST,Sr. No. | List of Documents/ details to be submitted | Yes/No/Not Applicable,PREFERENTIAL,COMPANY,P2,1,ffe507ab14abd6afe22390a0eb4c36dcdec0c32546e6e28a1cbaa57ca0cda291,NOT_STARTED,PENDING_EXTRACTION,ACTIVE,,,True,originals/Preferential_Pre_Allotment_20260616122325_extracted/Preferential_Pre_Allotment/Preferential_Pre_Allotment_/Checklist_Preferential_issue_Pre.docx
extract-of-icdr-189995d8,Extract of ICDR.pdf,pdf,UNKNOWN,UNKNOWN,UNKNOWN,CHAPTER V  PREFERENTIAL ISSUE,UNKNOWN,COMPANY,P3,21,189995d831638b9fe6d2bb0beadf79ca48b18375ccc49344623c77ba5506b7a3,NOT_STARTED,PENDING_EXTRACTION,ACTIVE,,,True,originals/Preferential_Pre_Allotment_20260616122325_extracted/Preferential_Pre_Allotment/Preferential_Pre_Allotment_/Extract of ICDR.pdf
points-to-remember-28-1-6be45481,Points to remember_28(1).docx,docx,UNKNOWN,UNKNOWN,UNKNOWN,Points to be Remembered,PREFERENTIAL,COMPANY,P3,1,6be45481161341e460fd5374938c6aa5290db6e32de5487e8549e1e26e3fb3e1,NOT_STARTED,PENDING_EXTRACTION,ACTIVE,,,True,originals/Preferential_Pre_Allotment_20260616122325_extracted/Preferential_Pre_Allotment/Preferential_Pre_Allotment_/Points to remember_28(1).docx
preferential-issue-faqs-0d8e781e,Preferential Issue_FAQs.docx,docx,NSE,UNKNOWN,UNKNOWN,FREQUENTLY ASKED QUESTIONS,PREFERENTIAL,COMPANY,P2,1,0d8e781e406e277233e15effd04ee5644ff82ae92f844e5d46c599760b0d8251,NOT_STARTED,PENDING_EXTRACTION,ACTIVE,,,True,originals/Preferential_Pre_Allotment_20260616122325_extracted/Preferential_Pre_Allotment/Preferential_Pre_Allotment_/Preferential Issue_FAQs.docx
qip-post-allotment-0-0-d035add2,QIP_Post_Allotment_0_0.docx,docx,NSE,CHECKLIST,CHECKLIST,of shares allotted under QIP,QIP,COMPANY,P2,1,d035add2de2f8302dd803838731f2617030d469dbcef92081f6001294fba290e,NOT_STARTED,PENDING_EXTRACTION,ACTIVE,,,False,originals/QIP_Post_Allotment_0_0.docx
qip-post-allotment-invits-0-20260504154107-88791754,QIP_Post_Allotment_InvITs_0_20260504154107.docx,docx,NSE,CHECKLIST,CHECKLIST,of units allotted under QIP,UNKNOWN,REIT_INVIT,P2,1,88791754c57ee158a85d84dd91a84a15ecf9bb3c084a9d02470367412fa218f5,NOT_STARTED,DEFERRED,ACTIVE,,,True,originals/QIP_Post_Allotment_InvITs_0_20260504154107.docx
qip-post-allotment-reits-0-20260504154256-0eb97980,QIP_Post_Allotment_REITS_0_20260504154256.docx,docx,NSE,CHECKLIST,CHECKLIST,of shares allotted under QIP,UNKNOWN,REIT_INVIT,P2,1,0eb9798042c84e5871f1c6a88664a44984fae8edd3ebb2e6e06911518e4b0097,NOT_STARTED,DEFERRED,ACTIVE,,,True,originals/QIP_Post_Allotment_REITS_0_20260504154256.docx
in-principle-approval-rights-c26498ff,In_principle_approval_-_Rights.docx,docx,NSE,CHECKLIST,CHECKLIST,Sr. No. | Documents to be submitted | Yes/No/Not Applicable,RIGHTS,REIT_INVIT,P2,1,c26498ffdf85d6c57cbd0a61accb39818131590c924b0e8acf82cfcaca48fbd0,NOT_STARTED,DEFERRED,ACTIVE,,,False,originals/Rights Issue Checklist - InvIT_0_0_extracted/Rights Issue Checklist - InvIT/In_principle_approval_-_Rights.docx
post-allotment-rights-22c13151,Post_allotment-Rights.docx,docx,UNKNOWN,CHECKLIST,CHECKLIST,Sr. No. | Documents to be submitted | Yes/No/Not Applicable,RIGHTS,REIT_INVIT,P2,1,22c13151b06592485283a5474cf8430d883370bdc090ac0ad1663a2ff88c1631,NOT_STARTED,DEFERRED,ACTIVE,,,True,originals/Rights Issue Checklist - InvIT_0_0_extracted/Rights Issue Checklist - InvIT/Post_allotment-Rights.docx
rights-entitlement-checklist-final-54a200b1,Rights_Entitlement_-_Checklist_-_Final.docx,docx,NSE,CHECKLIST,CHECKLIST,Checklist of Documents/ details to be submitted for listing of Rights Entitlements issued under Rights Issue by already listed InvIT,RIGHTS,REIT_INVIT,P2,1,54a200b14ca4f5423704ab47190ab2fe515fb3a0092b56555dff8e91ddbbce15,NOT_STARTED,DEFERRED,ACTIVE,,,False,originals/Rights Issue Checklist - InvIT_0_0_extracted/Rights Issue Checklist - InvIT/Rights_Entitlement_-_Checklist_-_Final.docx
trading-approval-5ee5125b,Trading_Approval.docx,docx,UNKNOWN,CHECKLIST,CHECKLIST,Checklist of Documents/ details to be submitted for Trading approval for listing of units issued under Rights Issues by already listed InvIT,UNKNOWN,REIT_INVIT,P2,1,5ee5125b71f577a286591dafcb6a799ddb72d5be43f8cef53ada56a00d6b7943,NOT_STARTED,DEFERRED,ACTIVE,,,True,originals/Rights Issue Checklist - InvIT_0_0_extracted/Rights Issue Checklist - InvIT/Trading_Approval.docx
rights-entitlement-checklist-e0bcaa00,Rights_Entitlement_Checklist.pdf,pdf,NSE,CHECKLIST,CHECKLIST,Checklist of Documents/ details to be submitted for listing of Rights Entitlements issued under,RIGHTS,COMPANY,P2,3,e0bcaa0095df8475dd80d4bc8c6c5c30e6a6e701539968cdabfe7b060026ba18,NOT_STARTED,PENDING_EXTRACTION,ACTIVE,,,False,originals/Rights_Entitlement_Checklist.pdf
sebi-depositories-participants-regulations-fb150ec0,SEBI Depositories & Participants Regulations.pdf,pdf,SEBI,REGULATION,REGULATIONS,Page 1 of 81,GENERAL,COMPANY,P0,81,fb150ec0a09ebfa735e5c298c54ec0f0ac6a16db0f4428a619eac799774cac53,NOT_STARTED,PENDING_EXTRACTION,ACTIVE,,,False,originals/SEBI Depositories & Participants Regulations.pdf
sebi-icdr-master-circular-1f6763cd,SEBI ICDR Master Circular.pdf,pdf,SEBI,MASTER_CIRCULAR,CIRCULAR,Master Circular for Issue of Capital and Disclosure Requirements,PUBLIC_ISSUE,COMPANY,P1,144,1f6763cdb3a30061802e117d5615ec16a2e97d25dfe0c09a3144f449bc1d7ce0,NOT_STARTED,PENDING_EXTRACTION,ACTIVE,issue of capital and disclosure requirement,2026-02-09,False,originals/SEBI ICDR Master Circular.pdf
sebi-icdr-regulations-db196f1f,SEBI ICDR Regulations.pdf,pdf,SEBI,REGULATION,REGULATIONS,THE GAZETTE OF INDIA,PUBLIC_ISSUE,COMPANY,P0,475,db196f1f33dc5ee9346388a7241cd9416942ec8f8bc3826e74f9403b0ca0fcc6,NOT_STARTED,PENDING_EXTRACTION,ACTIVE,,,False,originals/SEBI ICDR Regulations.pdf
sebi-lodr-master-circular-fa3b4360,SEBI LODR Master Circular.pdf,pdf,SEBI,MASTER_CIRCULAR,CIRCULAR,"Master circular for compliance with the provisions of the Securities and Exchange Board of India (Listing Obligations and Disclosure Requirements) Regulations, 2015 by listed entities",UNKNOWN,COMPANY,P1,291,fa3b4360d2a86be611ecc44350baf0cbcb5eec97286dd1a6e553f94efdf1b99b,NOT_STARTED,PENDING_EXTRACTION,ACTIVE,compliance with the provision of the securitie and exchange board of india listing obligation and disclosure requirement regulation 2015 by listed entitie,2026-01-30,True,originals/SEBI LODR Master Circular.pdf
sebi-lodr-regulations-62626bd8,SEBI LODR Regulations.pdf,pdf,SEBI,REGULATION,REGULATIONS,SECURITIES AND EXCHANGE BOARD OF INDIA (LISTING OBLIGATIONS,UNKNOWN,COMPANY,P0,231,62626bd86a48184b7ef99bc3fc3dd38202559c227674a067aee577d98c687c8a,NOT_STARTED,PENDING_EXTRACTION,ACTIVE,,,True,originals/SEBI LODR Regulations.pdf
sebi-pit-regulations-3e146320,SEBI PIT Regulations.pdf,pdf,SEBI,REGULATION,REGULATIONS,SECURITIES AND EXCHANGE BOARD OF INDIA,GENERAL,COMPANY,P0,82,3e14632093a11d5ced286205c744c7bec68df9c261cb8dcd6017b477e285f4b1,NOT_STARTED,PENDING_EXTRACTION,ACTIVE,,,False,originals/SEBI PIT Regulations.pdf
sebi-sast-regulations-f3486698,SEBI SAST Regulations.pdf,pdf,SEBI,REGULATION,REGULATIONS,Page 1 of 79,GENERAL,COMPANY,P0,79,f34866984eed83113ed920a7d5194d72972a7c199fdbae7c958aff197f4fc29a,NOT_STARTED,PENDING_EXTRACTION,ACTIVE,,,False,originals/SEBI SAST Regulations.pdf
sebi-sbeb-sweat-equity-regulations-275c3965,SEBI SBEB & Sweat Equity Regulations.pdf,pdf,SEBI,REGULATION,REGULATIONS,Page 1 of 45,SWEAT_EQUITY,COMPANY,P0,45,275c396520a48747aff9a52d384ab86d58d5ea7dc64bdedd3bca4726ab9f21f8,NOT_STARTED,PENDING_EXTRACTION,ACTIVE,,,False,originals/SEBI SBEB & Sweat Equity Regulations.pdf
trading-approval-557b966e,Trading_Approval.docx,docx,NSE,UNKNOWN,UNKNOWN,Checklist of Documents/ details to be submitted for Trading approval for listing of securities issued under Rights Issues by already listed company,UNKNOWN,COMPANY,P2,1,557b966e9f9b6cc7c12025ef87dba5546129f05fbb58264ea7843fcb44615039,NOT_STARTED,PENDING_EXTRACTION,ACTIVE,,,True,originals/Trading_Approval.docx
trading-approval-fast-track-a025d50d,Trading_Approval_Fast_Track.docx,docx,NSE,UNKNOWN,UNKNOWN,Checklist of Documents/ details to be submitted for Trading approval for listing of securities issued under Rights Issues by already listed company,UNKNOWN,COMPANY,P2,1,a025d50dbb2306a43b6dc3a158da4b2646169626fa3f941da4399a63c470b874,NOT_STARTED,PENDING_EXTRACTION,ACTIVE,,,True,originals/Trading_Approval_Fast_Track.docx
trading-approval-invits-f28b7302,Trading_Approval_InvITs.docx,docx,NSE,UNKNOWN,UNKNOWN,List of documents/details required for Final trading approval of Units/ securities,PRIVATE_PLACEMENT,REIT_INVIT,P2,1,f28b7302138c59ecbfb29c9bdb446f5fea49719958f619e6eb53b70235efca7c,NOT_STARTED,DEFERRED,ACTIVE,,,True,originals/Trading_Approval_InvITs.docx
the-companies-management-and-administration-rule-55296434,the-companies-management-and-administration-rules-2014-.pdf,pdf,MCA,RULE,RULES,Printed on 5 Sep 2026 at 10:44 AM IST,SWEAT_EQUITY,COMPANY,P0,41,55296434c651dff6c805992bfd96ed085faf0ca14d74fbf38323b03395c62498,NOT_STARTED,PENDING_EXTRACTION,ACTIVE,,,False,originals/the-companies-management-and-administration-rules-2014-.pdf
the-companies-registration-offices-and-fees-rule-b0be2898,the-companies-registration-offices-and-fees-rules-2014.pdf,pdf,MCA,RULE,RULES,Printed on 5 Sep 2026 at 10:50 AM IST,GENERAL,COMPANY,P0,36,b0be2898fc93f58ae09e4a2f391f933f76865b19a6cb7400d009e15ed524a2c4,NOT_STARTED,PENDING_EXTRACTION,ACTIVE,,,False,originals/the-companies-registration-offices-and-fees-rules-2014.pdf
