kind,item,severity,detail,action_required
MISSING_SOURCE,NSE_CIRCULAR_NSE_CML_2023_51,GAP,"Cited by 'Points to remember_28(1)' as gating the >Rs.100cr preferential issue-summary requirement, but not supplied.","Supply the document, or leave dependent rules unauthored."
CLASSIFICATION,BSE_FAQ_on_Listing.pdf,REVIEW,issue_type_confidence=0.54,Confirm authority / document type / issue type
CLASSIFICATION,SEBI_MC_20100406_Master_Circular_for_Depositories.pdf,REVIEW,issue_type_confidence=0.42; superseded_by:SEBI_MC_20241203_Master_Circular_for_Depositories.pdf,Confirm authority / document type / issue type
CLASSIFICATION,SEBI_MC_20101231_Master_Circular_for_Depositories.pdf,REVIEW,issue_type_confidence=0.42; superseded_by:SEBI_MC_20241203_Master_Circular_for_Depositories.pdf,Confirm authority / document type / issue type
CLASSIFICATION,SEBI_MC_20120413_Master_Circular_for_Depositories.pdf,REVIEW,issue_type_confidence=0.42; superseded_by:SEBI_MC_20241203_Master_Circular_for_Depositories.pdf,Confirm authority / document type / issue type
CLASSIFICATION,SEBI_MC_20210205_Master_Circular_for_Depositories.pdf,REVIEW,issue_type_confidence=0.48; superseded_by:SEBI_MC_20241203_Master_Circular_for_Depositories.pdf,Confirm authority / document type / issue type
CLASSIFICATION,SEBI_MC_20211129_Master_Circular_for_Infrastructure_Investment_Trusts_InvITs.pdf,REVIEW,issue_type_confidence=0.45; superseded_by:SEBI_MC_20250711_Master_Circular_for_Infrastructure_Investment_Trusts_InvITs.pdf,Confirm authority / document type / issue type
CLASSIFICATION,SEBI_MC_20211129_Master_Circular_for_Real_Estate_Investment_Trusts_REITs.pdf,REVIEW,issue_type_confidence=0.42; superseded_by:SEBI_MC_20250711_Master_Circular_for_Real_Estate_Investment_Trusts_REITs.pdf,Confirm authority / document type / issue type
CLASSIFICATION,SEBI_MC_20220426_Master_Circular_for_Infrastructure_Investment_Trusts_InvITs.pdf,REVIEW,issue_type_confidence=0.45; superseded_by:SEBI_MC_20250711_Master_Circular_for_Infrastructure_Investment_Trusts_InvITs.pdf,Confirm authority / document type / issue type
CLASSIFICATION,SEBI_MC_20220426_Master_Circular_for_Real_Estate_Investment_Trusts_REITs.pdf,REVIEW,issue_type_confidence=0.4; superseded_by:SEBI_MC_20250711_Master_Circular_for_Real_Estate_Investment_Trusts_REITs.pdf,Confirm authority / document type / issue type
CLASSIFICATION,SEBI_MC_20230517_Master_Circular_for_Registrars_to_an_Issue_and_Share_Transfer_Agents.pdf,REVIEW,issue_type_confidence=0.4; superseded_by:SEBI_MC_20260206_Master_Circular_for_Registrars_to_an_Issue_and_Share_Transfer_Agents.pdf,Confirm authority / document type / issue type
CLASSIFICATION,SEBI_MC_20230621_Master_Circular_for_Issue_of_Capital_and_Disclosure_Requirements.pdf,REVIEW,issue_type_confidence=0.49; superseded_by:SEBI ICDR Master Circular.pdf,Confirm authority / document type / issue type
CLASSIFICATION,SEBI_MC_20230706_Master_Circular_for_Infrastructure_Investment_Trusts_InvITs.pdf,REVIEW,issue_type_confidence=0.4; superseded_by:SEBI_MC_20250711_Master_Circular_for_Infrastructure_Investment_Trusts_InvITs.pdf,Confirm authority / document type / issue type
CLASSIFICATION,SEBI_MC_20230706_Master_Circular_for_Real_Estate_Investment_Trusts_REITs.pdf,REVIEW,issue_type_confidence=0.4; superseded_by:SEBI_MC_20250711_Master_Circular_for_Real_Estate_Investment_Trusts_REITs.pdf,Confirm authority / document type / issue type
CLASSIFICATION,SEBI_MC_20230707_Master_Circular_for_issue_and_listing_of_Non_convertible_Securities_Se.pdf,REVIEW,issue_type_confidence=0.43; superseded_by:SEBI_MC_20251015_Master_Circular_for_issue_and_listing_of_Non_convertible_Securities_Se.pdf,Confirm authority / document type / issue type
CLASSIFICATION,SEBI_MC_20230711_Master_circular_for_compliance_with_the_provisions_of_the_Securities_a.pdf,REVIEW,issue_type_confidence=0.58; superseded_by:SEBI LODR Master Circular.pdf,Confirm authority / document type / issue type
CLASSIFICATION,SEBI_MC_20231006_Master_Circular_for_Depositories.pdf,REVIEW,issue_type_confidence=0.48; superseded_by:SEBI_MC_20241203_Master_Circular_for_Depositories.pdf,Confirm authority / document type / issue type
CLASSIFICATION,SEBI_MC_20240507_Master_Circular_for_Registrars_to_an_Issue_and_Share_Transfer_Agents.pdf,REVIEW,issue_type_confidence=0.4; superseded_by:SEBI_MC_20260206_Master_Circular_for_Registrars_to_an_Issue_and_Share_Transfer_Agents.pdf,Confirm authority / document type / issue type
CLASSIFICATION,SEBI_MC_20240515_Master_Circular_for_Infrastructure_Investment_Trusts_InvITs.pdf,REVIEW,issue_type_confidence=0.4; superseded_by:SEBI_MC_20250711_Master_Circular_for_Infrastructure_Investment_Trusts_InvITs.pdf,Confirm authority / document type / issue type
CLASSIFICATION,SEBI_MC_20240515_Master_Circular_for_Infrastructure_Investment_Trusts_InvITs_Updated.pdf,REVIEW,issue_type_confidence=0.4; superseded_by:SEBI_MC_20250711_Master_Circular_for_Infrastructure_Investment_Trusts_InvITs.pdf,Confirm authority / document type / issue type
CLASSIFICATION,SEBI_MC_20240515_Master_Circular_for_Real_Estate_Investment_Trusts_REITs.pdf,REVIEW,issue_type_confidence=0.4; superseded_by:SEBI_MC_20250711_Master_Circular_for_Real_Estate_Investment_Trusts_REITs.pdf,Confirm authority / document type / issue type
CLASSIFICATION,SEBI_MC_20240515_Master_Circular_for_Real_Estate_Investment_Trusts_REITs_Updated.pdf,REVIEW,issue_type_confidence=0.4; superseded_by:SEBI_MC_20250711_Master_Circular_for_Real_Estate_Investment_Trusts_REITs.pdf,Confirm authority / document type / issue type
CLASSIFICATION,SEBI_MC_20240522_Master_Circular_for_issue_and_listing_of_Non_convertible_Securities_Se.pdf,REVIEW,issue_type_confidence=0.43; superseded_by:SEBI_MC_20251015_Master_Circular_for_issue_and_listing_of_Non_convertible_Securities_Se.pdf,Confirm authority / document type / issue type
CLASSIFICATION,SEBI_MC_20241111_Master_circular_for_compliance_with_the_provisions_of_the_Securities_a.pdf,REVIEW,issue_type_confidence=0.58; superseded_by:SEBI LODR Master Circular.pdf,Confirm authority / document type / issue type
CLASSIFICATION,SEBI_MC_20241203_Master_Circular_for_Depositories.pdf,REVIEW,issue_type_confidence=0.48,Confirm authority / document type / issue type
CLASSIFICATION,SEBI_MC_20250623_Master_Circular_for_Registrars_to_an_Issue_and_Share_Transfer_Agents.pdf,REVIEW,issue_type_confidence=0.4; superseded_by:SEBI_MC_20260206_Master_Circular_for_Registrars_to_an_Issue_and_Share_Transfer_Agents.pdf,Confirm authority / document type / issue type
CLASSIFICATION,SEBI_MC_20250711_Master_Circular_for_Infrastructure_Investment_Trusts_InvITs.pdf,REVIEW,issue_type_confidence=0.4,Confirm authority / document type / issue type
CLASSIFICATION,SEBI_MC_20250711_Master_Circular_for_Real_Estate_Investment_Trusts_REITs.pdf,REVIEW,issue_type_confidence=0.4,Confirm authority / document type / issue type
CLASSIFICATION,SEBI_MC_20251015_Master_Circular_for_issue_and_listing_of_Non_convertible_Securities_Se.pdf,REVIEW,issue_type_confidence=0.43,Confirm authority / document type / issue type
CLASSIFICATION,SEBI_MC_20260206_Master_Circular_for_Registrars_to_an_Issue_and_Share_Transfer_Agents.pdf,REVIEW,issue_type_confidence=0.4,Confirm authority / document type / issue type
CLASSIFICATION,SEBI_MC_20260515_Master_Circular_on_Surveillance_of_Securities_Market.pdf,REVIEW,issue_type_confidence=0.4,Confirm authority / document type / issue type
CLASSIFICATION,SEBI_MC_20260714_Master_Circular_for_Merchant_Bankers.pdf,REVIEW,issue_type_confidence=0.52,Confirm authority / document type / issue type
CLASSIFICATION,281_QIP_InvITs_0_20260504153924.docx,REVIEW,document_type_confidence=0.56; issue_type_confidence=0.56,Confirm authority / document type / issue type
CLASSIFICATION,281_QIP_REITS_0_20260504154156.docx,REVIEW,issue_type_confidence=0.47,Confirm authority / document type / issue type
CLASSIFICATION,Companies (Share Capital and Debentures) Rules.pdf,REVIEW,issue_type_confidence=0.48,Confirm authority / document type / issue type
CLASSIFICATION,Points to remember_post allotment.docx,REVIEW,authority_confidence=0.55; document_type_confidence=0.55,Confirm authority / document type / issue type
CLASSIFICATION,Part I.pdf,REVIEW,document_type_confidence=0.0,Confirm authority / document type / issue type
CLASSIFICATION,Part II.pdf,REVIEW,document_type_confidence=0.0,Confirm authority / document type / issue type
CLASSIFICATION,T+2 FPO.pdf,REVIEW,document_type_confidence=0.0,Confirm authority / document type / issue type
CLASSIFICATION,T+3 FPO if NSE is not Designated Stock Exchange.pdf,REVIEW,document_type_confidence=0.0,Confirm authority / document type / issue type
CLASSIFICATION,T+3 FPO.pdf,REVIEW,document_type_confidence=0.0,Confirm authority / document type / issue type
CLASSIFICATION,T+4 FPO.pdf,REVIEW,document_type_confidence=0.0,Confirm authority / document type / issue type
CLASSIFICATION,T+5 FPO.pdf,REVIEW,document_type_confidence=0.0,Confirm authority / document type / issue type
CLASSIFICATION,Final_Listing_Preferential.docx,REVIEW,issue_type_confidence=0.47,Confirm authority / document type / issue type
CLASSIFICATION,Final_Listing_Preferential_REIT.doc,REVIEW,authority_confidence=0.34; issue_type_confidence=0.51,Confirm authority / document type / issue type
CLASSIFICATION,Form PAS-3.pdf,REVIEW,issue_type_confidence=0.57,Confirm authority / document type / issue type
CLASSIFICATION,InPrinciple_Approval_InvITs_0_1.docx,REVIEW,authority_confidence=0.58,Confirm authority / document type / issue type
CLASSIFICATION,InPrinciple_Approval_REIT_0_0.docx,REVIEW,authority_confidence=0.58,Confirm authority / document type / issue type
CLASSIFICATION,Post_allotment_InvITs_0_0_20260504153537.docx,REVIEW,issue_type_confidence=0.47,Confirm authority / document type / issue type
CLASSIFICATION,Post_allotment__Pref_REIT_0_20260504153658.docx,REVIEW,issue_type_confidence=0.47,Confirm authority / document type / issue type
CLASSIFICATION,Checklist_Preferential_issue_Pre.docx,REVIEW,authority_confidence=0.5,Confirm authority / document type / issue type
CLASSIFICATION,Extract of ICDR.pdf,REVIEW,authority_confidence=0.54; document_type_confidence=0.51; issue_type_confidence=0.51,Confirm authority / document type / issue type
CLASSIFICATION,Points to remember_28(1).docx,REVIEW,authority_confidence=0.59; document_type_confidence=0.56,Confirm authority / document type / issue type
CLASSIFICATION,Preferential Issue_FAQs.docx,REVIEW,document_type_confidence=0.53,Confirm authority / document type / issue type
CLASSIFICATION,QIP_Post_Allotment_InvITs_0_20260504154107.docx,REVIEW,issue_type_confidence=0.59,Confirm authority / document type / issue type
CLASSIFICATION,QIP_Post_Allotment_REITS_0_20260504154256.docx,REVIEW,issue_type_confidence=0.59,Confirm authority / document type / issue type
CLASSIFICATION,Post_allotment-Rights.docx,REVIEW,authority_confidence=0.58,Confirm authority / document type / issue type
CLASSIFICATION,Trading_Approval.docx,REVIEW,authority_confidence=0.0; issue_type_confidence=0.52,Confirm authority / document type / issue type
CLASSIFICATION,SEBI LODR Master Circular.pdf,REVIEW,issue_type_confidence=0.58,Confirm authority / document type / issue type
CLASSIFICATION,SEBI LODR Regulations.pdf,REVIEW,issue_type_confidence=0.4,Confirm authority / document type / issue type
CLASSIFICATION,Trading_Approval.docx,REVIEW,document_type_confidence=0.6; issue_type_confidence=0.49,Confirm authority / document type / issue type
CLASSIFICATION,Trading_Approval_Fast_Track.docx,REVIEW,document_type_confidence=0.6; issue_type_confidence=0.49,Confirm authority / document type / issue type
CLASSIFICATION,Trading_Approval_InvITs.docx,REVIEW,document_type_confidence=0.57,Confirm authority / document type / issue type
