document_id,authority,source_priority,document_type,file_name,sha256,official_url,scope,page_count
bse-checklist-direct-listing-3157e150,BSE,P2,CHECKLIST,BSE_Checklist_Direct_Listing.doc,3157e150399fd66de84e2133b4f34187c0bb1296fb8a7d2c848c0766baff8cfb,https://www.bseindia.com/downloads1/CHECKLIST_FOR_DIRECT_LISTING_Nation_wide.doc,COMPANY,1
bse-faq-on-listing-facc6804,BSE,P1,FAQ,BSE_FAQ_on_Listing.pdf,facc680463cca862f41352683b241496404297b4a0e639bee29d8a8b916fbd30,https://www.bseindia.com/downloads1/FAQ_on_Listing.pdf,COMPANY,7
bse-inprinciple-privateplacement-debtinstruments-bb498266,BSE,P2,CHECKLIST,BSE_InPrinciple_PrivatePlacement_DebtInstruments.doc,bb498266265ab68bd669fb48933bfd12fadfee628053e0aeb95e0f1cefe60a99,https://www.bseindia.com/downloads1/In_principle_approval_of_PPDI.doc,COMPANY,1
bse-post-issue-checklist-1d331cda,BSE,P2,CHECKLIST,BSE_Post_Issue_Checklist.doc,1d331cdaed32bf1ba7740902cad675ea7d72e89083a02a7539baf7881e6b089c,https://www.bseindia.com/downloads/IPP_%20Post_Issue_Final.doc,COMPANY,1
sebi-mc-20081219-pdf-class-points-master-circula-5d760fe9,SEBI,P1,MASTER_CIRCULAR,SEBI_MC_20081219_PDF_class_points_Master_Circular_on_Anti_Money_Laundering_and_Combatin.pdf,5d760fe90913544b449c60dad13f3a4c58d417e0b127268788f11301b24538ce,https://www.sebi.gov.in/sebi_data/commondocs/isdcir0108_p.pdf,COMPANY,34
sebi-mc-20100101-master-circular-mutual-funds-49ce803e,SEBI,P1,MASTER_CIRCULAR,SEBI_MC_20100101_Master_Circular_Mutual_Funds.pdf,49ce803e15280c1dde50a166593e7e5728f8c89a796d40e6ccb1a811776f7207,https://www.sebi.gov.in/sebi_data/attachdocs/1288605865307.pdf,COMPANY,140
sebi-mc-20100212-master-circular-on-anti-money-l-c921adf7,SEBI,P1,MASTER_CIRCULAR,SEBI_MC_20100212_Master_Circular_on_Anti_Money_Laundering_AML_and_Combating_Financing_o.pdf,c921adf761c9f967509eb4ccd156999cba87a3582655c1df2bde7a597345325f,https://www.sebi.gov.in/sebi_data/attachdocs/1288589718708.pdf,COMPANY,37
sebi-mc-20100317-master-circular-on-oversight-of-c925dabd,SEBI,P1,MASTER_CIRCULAR,SEBI_MC_20100317_Master_Circular_on_Oversight_of_Members_Stock_Brokers_Trading_Members.pdf,c925dabd97b813f482cf3efce5f28b99a4584d7d6c6746bcafd34e4c6765a415,https://www.sebi.gov.in/sebi_data/attachdocs/1288263327681.pdf,COMPANY,5
sebi-mc-20100406-master-circular-for-depositorie-29a7dc2f,SEBI,P1,MASTER_CIRCULAR,SEBI_MC_20100406_Master_Circular_for_Depositories.pdf,29a7dc2f9ccd8ec80ef7cd2e9fb053c8730f6a1c435884b51328b74448f4fc35,https://www.sebi.gov.in/sebi_data/attachdocs/1288241538490.pdf,COMPANY,33
sebi-mc-20100406-master-circular-for-stock-excha-20568e44,SEBI,P1,MASTER_CIRCULAR,SEBI_MC_20100406_Master_Circular_for_Stock_Exchange_Cash_Market.pdf,20568e44fc46f65d3b7053d518e4453f7bc34c5c1901f9e832034d7224a6172a,https://www.sebi.gov.in/sebi_data/commondocs/anncir1_p.pdf,COMPANY,41
sebi-mc-20100406-master-circular-on-allotment-of-926569e5,SEBI,P1,MASTER_CIRCULAR,SEBI_MC_20100406_Master_Circular_on_Allotment_of_codes_to_Stock_Exchanges_Subsidiary_ma.pdf,926569e5610b0a881b59aa602436c2311969cdec387b4fcb2e6fe71d57d43a85,https://www.sebi.gov.in/sebi_data/attachdocs/1288241642407.pdf,COMPANY,19
sebi-mc-20101231-aml-cft-master-circular-ca09660c,SEBI,P1,MASTER_CIRCULAR,SEBI_MC_20101231_AML_CFT_Master_Circular.pdf,ca09660c8280acd0a150ed23d9adf753b07dd4af4f04aaf3b43571e206e93afe,https://www.sebi.gov.in/sebi_data/attachdocs/1295933371907.pdf,COMPANY,38
sebi-mc-20101231-master-circular-for-depositorie-ae1c000e,SEBI,P1,MASTER_CIRCULAR,SEBI_MC_20101231_Master_Circular_for_Depositories.pdf,ae1c000e304afd9b86ab5893a387c501f51b4b39c0d7f0d81224e85ed07f55d1,https://www.sebi.gov.in/sebi_data/attachdocs/1295933216347.pdf,COMPANY,53
sebi-mc-20101231-master-circular-for-stock-excha-44afcaa7,SEBI,P1,MASTER_CIRCULAR,SEBI_MC_20101231_Master_Circular_for_Stock_Exchange_Cash_Market.pdf,44afcaa7107bb2beadebb7734edeceef222659f21d43a018d27396c88eb042c9,https://www.sebi.gov.in/sebi_data/attachdocs/1295933105393.pdf,COMPANY,1
sebi-mc-20101231-master-circular-for-stock-excha-21c2209c,SEBI,P1,MASTER_CIRCULAR,SEBI_MC_20101231_Master_Circular_for_Stock_Exchanges_and_Depositories.pdf,21c2209c4fae21eb4229b22e5e5a4bcbcaef55779871e7aee7c566d033293a98,https://www.sebi.gov.in/sebi_data/attachdocs/1295932992258.pdf,COMPANY,11
sebi-mc-20101231-master-circular-on-administrati-cd9240f4,SEBI,P1,MASTER_CIRCULAR,SEBI_MC_20101231_Master_Circular_on_Administration_of_Stock_Exchanges_Arbitration_in_re.pdf,cd9240f4ed257e9bde65a0b0e3747fbc4ff464f3def42ac12af066f46b05314e,https://www.sebi.gov.in/sebi_data/attachdocs/1295933281760.pdf,COMPANY,35
sebi-mc-20101231-master-circular-for-exchange-tr-54367f48,SEBI,P1,MASTER_CIRCULAR,SEBI_MC_20101231_Master_circular_for_Exchange_Traded_Derivatives.pdf,54367f487c075b4bc43265392aaeff4c0ffe9e15181b07a947fbef4f27d27932,https://www.sebi.gov.in/sebi_data/attachdocs/1295932890510.pdf,COMPANY,142
sebi-mc-20110107-master-circular-for-mutual-fund-17da6270,SEBI,P1,MASTER_CIRCULAR,SEBI_MC_20110107_Master_Circular_for_Mutual_Funds.pdf,17da6270df5f054dfac0f6b3c682f211652092988fb75b41b991a717c714f6e5,https://www.sebi.gov.in/sebi_data/attachdocs/1295932761762.pdf,COMPANY,152
sebi-mc-20120102-master-circular-on-matters-rela-944234e1,SEBI,P1,MASTER_CIRCULAR,SEBI_MC_20120102_Master_Circular_on_Matters_relating_to_Exchange_Traded_Derivatives.pdf,944234e13bb0a95a8141c226fe9392264c6a4c6758087d944aca2a2b5caae26b,https://www.sebi.gov.in/sebi_data/attachdocs/1325563500148.pdf,COMPANY,167
sebi-mc-20120413-master-circular-for-depositorie-341f24a1,SEBI,P1,MASTER_CIRCULAR,SEBI_MC_20120413_Master_Circular_for_Depositories.pdf,341f24a10a4d649daecc45a2fcddbf89f8d2120a9f2dd1e4e346492724fb560a,https://www.sebi.gov.in/sebi_data/attachdocs/1334309345244.pdf,COMPANY,51
sebi-mc-20120413-master-circular-for-stock-excha-abeeb93b,SEBI,P1,MASTER_CIRCULAR,SEBI_MC_20120413_Master_Circular_for_Stock_Exchanges_Cash_Market.pdf,abeeb93bcd5347d6f3af0413dfacf7263471e0ec431dde4b1edb0db133ff77ab,https://www.sebi.gov.in/sebi_data/attachdocs/1334312676570.pdf,COMPANY,1
sebi-mc-20120511-master-circular-for-mutual-fund-b944e5f2,SEBI,P1,MASTER_CIRCULAR,SEBI_MC_20120511_Master_Circular_for_Mutual_Funds.pdf,b944e5f2d7b6f31893fb2212d9ba565b4642d558bfbd095aabdf2b4a1a3fb12d,https://www.sebi.gov.in/sebi_data/attachdocs/1337083696184.pdf,COMPANY,174
sebi-mc-20130401-master-circular-on-matters-rela-76560208,SEBI,P1,MASTER_CIRCULAR,SEBI_MC_20130401_Master_Circular_on_Matters_relating_to_Exchange_Traded_Derivatives.pdf,765602089179cb075a6a5c234da655fea9da81179e2f7b85e80317d60445e346,https://www.sebi.gov.in/sebi_data/attachdocs/1364810013011.pdf,COMPANY,156
sebi-mc-20130415-master-circular-for-depositorie-afec501d,SEBI,P1,MASTER_CIRCULAR,SEBI_MC_20130415_Master_Circular_for_Depositories.pdf,afec501d2f03083d62e113ff93424fea77bd09cbde435b4196d3088c849b4b96,https://www.sebi.gov.in/sebi_data/attachdocs/1366025894493.pdf,COMPANY,65
sebi-mc-20130417-master-circular-for-stock-excha-b97e25e0,SEBI,P1,MASTER_CIRCULAR,SEBI_MC_20130417_Master_Circular_for_Stock_Exchange_Cash_Market.pdf,b97e25e04a86e174de50634b47dd3515d0db705a121789dd97671f06eb39d81b,https://www.sebi.gov.in/sebi_data/attachdocs/1366194098437.pdf,COMPANY,1
sebi-mc-20130911-master-circular-for-mutual-fund-2e97fb95,SEBI,P1,MASTER_CIRCULAR,SEBI_MC_20130911_Master_Circular_for_Mutual_Funds.pdf,2e97fb958d629f17244870a15f659ce160ca608a6fbc646fe2808a93130cf009,https://www.sebi.gov.in/sebi_data/attachdocs/1378979660117.pdf,COMPANY,185
sebi-mc-20140407-master-circular-for-depositorie-5cf0d537,SEBI,P1,MASTER_CIRCULAR,SEBI_MC_20140407_Master_Circular_for_Depositories.pdf,5cf0d537c17026250ceb8bbd850d483e5faa9f6ad7ddb3cbb8c1404494ce2386,https://www.sebi.gov.in/sebi_data/attachdocs/1396870426194.pdf,COMPANY,95
sebi-mc-20140520-master-circular-for-stock-excha-b4f812bd,SEBI,P1,MASTER_CIRCULAR,SEBI_MC_20140520_Master_Circular_for_Stock_Exchanges_2014.pdf,b4f812bd5217837701f3051e741af33cadb220fbbba16836bfa59116270f0a10,https://www.sebi.gov.in/sebi_data/attachdocs/1400588203091.pdf,COMPANY,1
sebi-mc-20141001-master-circular-for-mutual-fund-2eb783b8,SEBI,P1,MASTER_CIRCULAR,SEBI_MC_20141001_Master_Circular_for_Mutual_Funds.pdf,2eb783b86a6bfe7de89755f4e5b6c544f3b426342688d2f71973938a8ddfbd0d,https://www.sebi.gov.in/sebi_data/attachdocs/1412152811369.pdf,COMPANY,194
sebi-mc-20150507-master-circular-for-depositorie-c80ee5da,SEBI,P1,MASTER_CIRCULAR,SEBI_MC_20150507_Master_Circular_for_Depositories.pdf,c80ee5dac4c6827ace738efb0fa97a029711135dacfea246aeb7c6b403d5a71a,https://www.sebi.gov.in/sebi_data/attachdocs/1430992306107.pdf,COMPANY,111
sebi-mc-20150526-master-circular-for-stock-excha-e7daf071,SEBI,P1,MASTER_CIRCULAR,SEBI_MC_20150526_Master_Circular_for_Stock_Exchange_and_Clearing_Corporation.pdf,e7daf0712e10c675a874d51a2d80a923a0599bd99ca255bd405a37bf04f16f97,https://www.sebi.gov.in/sebi_data/attachdocs/1432638310942.pdf,COMPANY,2
sebi-mc-20160914-master-circular-for-mutual-fund-cc4f349e,SEBI,P1,MASTER_CIRCULAR,SEBI_MC_20160914_Master_Circular_for_Mutual_Funds.pdf,cc4f349efb7d759851db0cf15a3be2bdc41b068545c4330f5e654904da06dfc5,https://www.sebi.gov.in/sebi_data/attachdocs/apr-2018/1523337972677.pdf,COMPANY,211
sebi-mc-20161215-master-circular-for-depositorie-5993ad57,SEBI,P1,MASTER_CIRCULAR,SEBI_MC_20161215_Master_Circular_for_Depositories.pdf,5993ad57fa963344a941b6f81e3b13e076f5651f50544881cc22b369e45de6a9,https://www.sebi.gov.in/sebi_data/attachdocs/1481795514063.pdf,COMPANY,139
sebi-mc-20161216-master-circular-for-stock-excha-04bfd397,SEBI,P1,MASTER_CIRCULAR,SEBI_MC_20161216_Master_Circular_for_Stock_Exchange_and_Clearing_Corporation.pdf,04bfd397d03c552ae02851a474ff305988adce99f8bb3dd01e7bf02c5effe0aa,https://www.sebi.gov.in/sebi_data/attachdocs/apr-2018/1523342036064.pdf,COMPANY,2
sebi-mc-20180409-master-circular-for-debenture-t-af4f0e16,SEBI,P1,MASTER_CIRCULAR,SEBI_MC_20180409_Master_Circular_for_Debenture_Trustees_DTs.pdf,af4f0e16712501fda4482f032ded598824f31655096dd6645f44d4152810f1c1,https://www.sebi.gov.in/sebi_data/attachdocs/apr-2018/1523332033746.pdf,COMPANY,32
sebi-mc-20180502-master-circular-for-credit-rati-f64f33bc,SEBI,P1,MASTER_CIRCULAR,SEBI_MC_20180502_Master_Circular_for_Credit_Rating_Agencies.pdf,f64f33bc1a944fe3177c83ac7958cb17e1f69aff21d43a8bafc546c6e21399fa,https://www.sebi.gov.in/sebi_data/attachdocs/may-2018/1525260438311.pdf,COMPANY,65
sebi-mc-20180511-master-circular-for-underwriter-7562e7ea,SEBI,P1,MASTER_CIRCULAR,SEBI_MC_20180511_Master_Circular_for_Underwriters.pdf,7562e7eaa015ee726b197084595b100ef4ff8d4e0216606f14b00abf97b17416,https://www.sebi.gov.in/sebi_data/attachdocs/may-2018/1526033355748.pdf,COMPANY,27
sebi-mc-20180601-master-circular-for-stock-broke-dd0f1c77,SEBI,P1,MASTER_CIRCULAR,SEBI_MC_20180601_Master_Circular_for_Stock_Brokers.pdf,dd0f1c77214cff03f598c7ca9c0d3e2962490b659086356763fafe61f2d99edf,https://www.sebi.gov.in/sebi_data/attachdocs/jun-2018/1527862124221.pdf,COMPANY,209
sebi-mc-20180704-guidelines-on-anti-money-launde-d9de4c1e,SEBI,P1,MASTER_CIRCULAR,SEBI_MC_20180704_Guidelines_on_Anti_Money_Laundering_AML_Standards_and_Combating_the_Fi.pdf,d9de4c1e35c6c12256232b42a53727201b0356f2c62982eac5dfeb54adb59d45,https://www.sebi.gov.in/sebi_data/attachdocs/jul-2018/1530683670247.pdf,COMPANY,31
sebi-mc-20180710-master-circular-for-mutual-fund-9633edfe,SEBI,P1,MASTER_CIRCULAR,SEBI_MC_20180710_Master_Circular_for_Mutual_Funds.pdf,9633edfeb58b14e73002ffa4a931bab29b3727864882c80b0bbbdf2002b989b7,https://www.sebi.gov.in/sebi_data/attachdocs/jul-2018/1531376960294.pdf,COMPANY,236
sebi-mc-20180907-master-circular-for-commodity-d-ba2eaad4,SEBI,P1,MASTER_CIRCULAR,SEBI_MC_20180907_Master_Circular_for_Commodity_Derivatives_Market.pdf,ba2eaad45232783f29a3f486e5fcc6f58f13ea67d16a49c12bf0a44a049c0335,https://www.sebi.gov.in/sebi_data/attachdocs/sep-2018/1536318405281.pdf,COMPANY,217
sebi-mc-20191015-guidelines-on-anti-money-launde-912e1bcd,SEBI,P1,MASTER_CIRCULAR,SEBI_MC_20191015_Guidelines_on_Anti_Money_Laundering_AML_Standards_and_Combating_the_Fi.pdf,912e1bcdb7a16ab4dab47f3b51fb14760ce10318fb3914d44b5e98fb5716ef44,https://www.sebi.gov.in/sebi_data/attachdocs/oct-2019/1571139662984.pdf,COMPANY,40
sebi-mc-20191025-master-circular-for-depositorie-0ff3ee38,SEBI,P1,MASTER_CIRCULAR,SEBI_MC_20191025_Master_Circular_for_Depositories.pdf,0ff3ee3802ae838e35d06cb7100f7a18d223396ac329deba51623365675bbcd3,https://www.sebi.gov.in/sebi_data/attachdocs/oct-2019/1572001662533.pdf,COMPANY,245
sebi-mc-20191025-master-circular-for-stock-excha-7a18a1bb,SEBI,P1,MASTER_CIRCULAR,SEBI_MC_20191025_Master_Circular_for_Stock_Exchanges_and_Clearing_Corporations.pdf,7a18a1bb002891a4921751d7e738e3ef49fc442289243e8efaab41916eda7200,https://www.sebi.gov.in/sebi_data/attachdocs/oct-2019/1572004232552.pdf,COMPANY,2
sebi-mc-20200710-master-circular-for-commodity-d-140593cb,SEBI,P1,MASTER_CIRCULAR,SEBI_MC_20200710_Master_Circular_for_Commodity_Derivatives_Market.pdf,140593cb40366138ab8f754e9ef34855c6cc2d5b29028bc56145975b8df01238,https://www.sebi.gov.in/sebi_data/attachdocs/jul-2020/1594371933884.pdf,COMPANY,310
sebi-mc-20200824-master-circular-for-mutual-fund-7cc49fcb,SEBI,P1,MASTER_CIRCULAR,SEBI_MC_20200824_Master_Circular_for_Mutual_Funds.pdf,7cc49fcb1d01f69d03fc98e4ae5266e61fc473cb547e406524697ada4dc7c0eb,https://www.sebi.gov.in/sebi_data/attachdocs/aug-2020/1598290319809.pdf,COMPANY,273
sebi-mc-20201222-master-circular-on-i-scheme-of--3aeab719,SEBI,P1,MASTER_CIRCULAR,SEBI_MC_20201222_Master_Circular_on_i_Scheme_of_Arrangement_by_Listed_Entities_and_ii_R.pdf,3aeab71966176090a1508e5c242e90e0a05e6a7c2654d6eaa4b6361ea4aeaeca,https://www.sebi.gov.in/sebi_data/attachdocs/dec-2020/1608638223159.pdf,COMPANY,25
sebi-mc-20210205-master-circular-for-depositorie-1b42dfa3,SEBI,P1,MASTER_CIRCULAR,SEBI_MC_20210205_Master_Circular_for_Depositories.pdf,1b42dfa3de5c5603bc08195c8a318e1ab7a18e03027c6b0383e4efe9039a2782,https://www.sebi.gov.in/sebi_data/attachdocs/feb-2021/1612524563036.pdf,COMPANY,431
sebi-mc-20210301-master-circular-on-surveillance-0c1e9609,SEBI,P1,MASTER_CIRCULAR,SEBI_MC_20210301_Master_Circular_on_Surveillance_of_Securities_Market.pdf,0c1e960912c535e167115c239a53ea4845505f5415ac7211b15944babaff5731,https://www.sebi.gov.in/sebi_data/attachdocs/mar-2021/1614605971326.pdf,COMPANY,23
sebi-mc-20210701-master-circular-for-commodity-d-9cc71b5a,SEBI,P1,MASTER_CIRCULAR,SEBI_MC_20210701_Master_Circular_for_Commodity_Derivatives_Market.pdf,9cc71b5a87046402dfd333f1f8e4ab923a6dc7732e0bd74019bd9cbc696fad6d,https://www.sebi.gov.in/sebi_data/attachdocs/jul-2021/1625144771290.pdf,COMPANY,316
sebi-mc-20210705-master-circular-for-stock-excha-c2cf21e8,SEBI,P1,MASTER_CIRCULAR,SEBI_MC_20210705_Master_Circular_for_Stock_Exchanges_and_Clearing_Corporations.pdf,c2cf21e82338bef4f9b1ade9172a1501621a6e928c3a464e841884aaa0ca41a0,https://www.sebi.gov.in/sebi_data/attachdocs/jul-2021/1625490700120.pdf,COMPANY,2
sebi-mc-20211123-master-circular-on-scheme-of-ar-01ea00e7,SEBI,P1,MASTER_CIRCULAR,SEBI_MC_20211123_Master_Circular_on_Scheme_of_Arrangement.pdf,01ea00e70a74392147a59395d9ff37e68a1f882012c658c0abc8011c84aa2b8e,https://www.sebi.gov.in/sebi_data/attachdocs/nov-2021/1637664737704.pdf,COMPANY,27
sebi-mc-20211129-master-circular-for-infrastruct-4a04234a,SEBI,P1,MASTER_CIRCULAR,SEBI_MC_20211129_Master_Circular_for_Infrastructure_Investment_Trusts_InvITs.pdf,4a04234ae8feb4491b61fc4f4f2d5d1aad9efe9a507bdb71efba72424f275960,https://www.sebi.gov.in/sebi_data/attachdocs/nov-2021/1638245849828.pdf,REIT_INVIT,121
sebi-mc-20211129-master-circular-for-real-estate-bfa66b46,SEBI,P1,MASTER_CIRCULAR,SEBI_MC_20211129_Master_Circular_for_Real_Estate_Investment_Trusts_REITs.pdf,bfa66b467380049d06905a33ca5cfa8c40f70c3c84fa395979797d318a50109d,https://www.sebi.gov.in/sebi_data/attachdocs/nov-2021/1638245531747.pdf,REIT_INVIT,109
sebi-mc-20220426-master-circular-for-infrastruct-cc968f0e,SEBI,P1,MASTER_CIRCULAR,SEBI_MC_20220426_Master_Circular_for_Infrastructure_Investment_Trusts_InvITs.pdf,cc968f0e036d11fb24dc8a83484d8d357381bbc3529a9ef6a64979a6a6f601a6,https://www.sebi.gov.in/sebi_data/attachdocs/apr-2022/1650973859343.pdf,REIT_INVIT,146
sebi-mc-20220426-master-circular-for-real-estate-11969a54,SEBI,P1,MASTER_CIRCULAR,SEBI_MC_20220426_Master_Circular_for_Real_Estate_Investment_Trusts_REITs.pdf,11969a542164c1a56b06ab843adb3306c80b7321da025593136d4b45c05b6cb6,https://www.sebi.gov.in/sebi_data/attachdocs/apr-2022/1650973904450.pdf,REIT_INVIT,121
sebi-mc-20220517-master-circular-for-commodity-d-8d1e6a13,SEBI,P1,MASTER_CIRCULAR,SEBI_MC_20220517_Master_Circular_for_Commodity_Derivatives_Market.pdf,8d1e6a13109c43c5e68c900a31585b55fbeb44c182876e345b74b116cb2af9e7,https://www.sebi.gov.in/sebi_data/attachdocs/may-2022/1652782686834.pdf,COMPANY,330
sebi-mc-20221107-master-circular-on-issuance-of--773dff8d,SEBI,P1,MASTER_CIRCULAR,SEBI_MC_20221107_Master_Circular_on_issuance_of_No_Objection_Certificate_NOC_for_releas.pdf,773dff8d5fffd3a6379dc455e3b0d091a839ae1a4823d2377a8e9fafb5c35f36,https://www.sebi.gov.in/sebi_data/attachdocs/nov-2022/1667823476708.PDF,COMPANY,11
sebi-mc-20221107-master-circular-on-the-redressa-78a729d8,SEBI,P1,MASTER_CIRCULAR,SEBI_MC_20221107_Master_Circular_on_the_redressal_of_investor_grievances_through_the_SE.pdf,78a729d83966baf738eabcbbd5fa1e70cdfde929743416ba7a4e3567afe25f8b,https://www.sebi.gov.in/sebi_data/attachdocs/nov-2022/1667823350700.PDF,COMPANY,11
sebi-mc-20221219-master-circular-for-foreign-por-751ee9fc,SEBI,P1,MASTER_CIRCULAR,SEBI_MC_20221219_Master_Circular_for_Foreign_Portfolio_Investors_Designated_Depository.pdf,751ee9fc2806d69bfc76fa8511b407c4550326330736aa5f528beed13cb8c549,https://www.sebi.gov.in/sebi_data/attachdocs/dec-2022/1671519646467.pdf,COMPANY,66
sebi-mc-20230203-guidelines-on-anti-money-launde-ff6e7790,SEBI,P1,MASTER_CIRCULAR,SEBI_MC_20230203_Guidelines_on_Anti_Money_Laundering_AML_Standards_and_Combating_the_Fi.pdf,ff6e77907845f73658e3592fb6ff4cfd8d0aebec81b6aeb7e0587feb46d151e1,https://www.sebi.gov.in/sebi_data/attachdocs/jul-2023/1690461040921.pdf,COMPANY,31
sebi-mc-20230216-master-circular-for-substantial-f4a1299d,SEBI,P1,MASTER_CIRCULAR,SEBI_MC_20230216_Master_Circular_for_Substantial_Acquisition_of_Shares_and_Takeovers.pdf,f4a1299dae54e988e68c49f3d6874a364c2ba636c183b43eaecf999b80f13722,https://www.sebi.gov.in/sebi_data/attachdocs/feb-2023/1676547585359.pdf,COMPANY,110
sebi-mc-20230303-master-circular-for-foreign-ven-5bf7a731,SEBI,P1,MASTER_CIRCULAR,SEBI_MC_20230303_Master_Circular_for_Foreign_Venture_Capital_Investors_FVCIs.pdf,5bf7a73186855993504e7a77b99f41f10e98b088402c27a23622250294706377,https://www.sebi.gov.in/sebi_data/attachdocs/mar-2023/1677841935138.pdf,COMPANY,7
sebi-mc-20230320-master-circular-for-portfolio-m-2a156927,SEBI,P1,MASTER_CIRCULAR,SEBI_MC_20230320_Master_Circular_for_Portfolio_Managers.pdf,2a156927f88706ca01d6c28a058731ed9acbd4a48cd293ef50498c06f6d7d47f,https://www.sebi.gov.in/sebi_data/attachdocs/apr-2023/1680688275651.pdf,COMPANY,100
sebi-mc-20230323-master-circular-on-surveillance-0ab3ac97,SEBI,P1,MASTER_CIRCULAR,SEBI_MC_20230323_Master_Circular_on_Surveillance_of_Securities_Market.pdf,0ab3ac974cebbb0bfed698d253194f54a725f5d56fa4bcfa1f8c5aa6ccd2b8ba,https://www.sebi.gov.in/sebi_data/attachdocs/mar-2023/1679564277323.pdf,COMPANY,27
sebi-mc-20230427-master-circular-for-custodians-9d49967f,SEBI,P1,MASTER_CIRCULAR,SEBI_MC_20230427_Master_Circular_for_Custodians.pdf,9d49967fa5fec47601db8377bdb7ce8fa6d7a03d50c320f117851ba32bd0bf73,https://www.sebi.gov.in/sebi_data/attachdocs/apr-2023/1682590624880.pdf,COMPANY,38
sebi-mc-20230517-master-circular-for-registrars--340d0c4d,SEBI,P1,MASTER_CIRCULAR,SEBI_MC_20230517_Master_Circular_for_Registrars_to_an_Issue_and_Share_Transfer_Agents.pdf,340d0c4d50ccaa3da1caa7868aec5e113e9c58ea49da1752b78b19791efebabc,https://www.sebi.gov.in/sebi_data/attachdocs/may-2023/1684323597553.pdf,COMPANY,220
sebi-mc-20230517-master-circular-for-stock-broke-a601729d,SEBI,P1,MASTER_CIRCULAR,SEBI_MC_20230517_Master_Circular_for_Stock_Brokers.pdf,a601729d267963f65ffdfbb3a1982643d0d904cc03d97c1479b150c11ae3b118,https://www.sebi.gov.in/sebi_data/attachdocs/may-2023/1684323080627.pdf,COMPANY,406
sebi-mc-20230519-master-circular-for-mutual-fund-65889f60,SEBI,P1,MASTER_CIRCULAR,SEBI_MC_20230519_Master_Circular_for_Mutual_Funds.pdf,65889f60ef97a5d8d3990865422e8aa27a108d8e9a8be7a39b2d2c33cb21a7e0,https://www.sebi.gov.in/sebi_data/attachdocs/may-2023/1684994020653.pdf,COMPANY,371
sebi-mc-20230601-master-circular-on-electronic-g-563413a4,SEBI,P1,MASTER_CIRCULAR,SEBI_MC_20230601_Master_Circular_on_Electronic_Gold_Receipts_EGR.pdf,563413a4bf1867c5cdc68958e71a456cfc34c86bef8b745a98063f2be830b5a8,https://www.sebi.gov.in/sebi_data/attachdocs/jun-2023/1685624187186.pdf,COMPANY,52
sebi-mc-20230615-master-circular-for-investment--32fbdb29,SEBI,P1,MASTER_CIRCULAR,SEBI_MC_20230615_Master_Circular_for_Investment_Advisers.pdf,32fbdb2990375b566c2b652292fb72a44109a97eff0e8c380331ce7090de5276,https://www.sebi.gov.in/sebi_data/attachdocs/jun-2023/1686832202054.pdf,COMPANY,66
sebi-mc-20230615-master-circular-for-research-an-fca77222,SEBI,P1,MASTER_CIRCULAR,SEBI_MC_20230615_Master_Circular_for_Research_Analysts.pdf,fca772224b0823116ea2e1c76ad272bc5351a2abc4071540e63e3e1d1723acc8,https://www.sebi.gov.in/sebi_data/attachdocs/jun-2023/1686832133465.pdf,COMPANY,47
sebi-mc-20230620-master-circular-on-scheme-of-ar-99f669b0,SEBI,P1,MASTER_CIRCULAR,SEBI_MC_20230620_Master_Circular_on_Scheme_of_Arrangement.pdf,99f669b0bd6792197638abfb8ef6a35c21218c250ad78dc6ed1888711508f7e1,https://www.sebi.gov.in/sebi_data/attachdocs/jun-2023/1687260636239.pdf,COMPANY,28
sebi-mc-20230621-master-circular-for-issue-of-ca-7eea3a77,SEBI,P1,MASTER_CIRCULAR,SEBI_MC_20230621_Master_Circular_for_Issue_of_Capital_and_Disclosure_Requirements.pdf,7eea3a77bf46bee0b7b4ce3b901dee060d5be4cb77cde3a521a59bde38d417dc,https://www.sebi.gov.in/sebi_data/attachdocs/jun-2023/1687349460944.pdf,COMPANY,62
sebi-mc-20230630-master-circular-for-listing-obl-6b96f2e7,SEBI,P1,MASTER_CIRCULAR,SEBI_MC_20230630_Master_Circular_for_listing_obligations_and_disclosure_requirements_fo.pdf,6b96f2e7865f7ca6566f814469e520edf57698a6f1a60fbbc3205a3f93ab8d5d,https://www.sebi.gov.in/sebi_data/attachdocs/jul-2023/1688198222283.pdf,COMPANY,104
sebi-mc-20230703-master-circular-for-credit-rati-701b4d05,SEBI,P1,MASTER_CIRCULAR,SEBI_MC_20230703_Master_Circular_for_Credit_Rating_Agencies.pdf,701b4d052b58e7f31cca5a34619df7ba9986916b47d78c8f8485702fd66e522e,https://www.sebi.gov.in/sebi_data/attachdocs/jul-2023/1688447359788.pdf,COMPANY,103
sebi-mc-20230706-master-circular-for-debenture-t-880456e4,SEBI,P1,MASTER_CIRCULAR,SEBI_MC_20230706_Master_Circular_for_Debenture_Trustees.pdf,880456e434c9fa4d0f0d6fbf0e6567000f6388ae7c8cfa60c08a748db096a1c6,https://www.sebi.gov.in/sebi_data/attachdocs/jul-2023/1688645565035.pdf,COMPANY,119
sebi-mc-20230706-master-circular-for-infrastruct-2cb62f7b,SEBI,P1,MASTER_CIRCULAR,SEBI_MC_20230706_Master_Circular_for_Infrastructure_Investment_Trusts_InvITs.pdf,2cb62f7b2956521e873948b4b0bb0d8cc70f7c1b5b4a96ec8672d372ee78b004,https://www.sebi.gov.in/sebi_data/attachdocs/jul-2023/1688646532701.pdf,REIT_INVIT,177
sebi-mc-20230706-master-circular-for-real-estate-1e207c05,SEBI,P1,MASTER_CIRCULAR,SEBI_MC_20230706_Master_Circular_for_Real_Estate_Investment_Trusts_REITs.pdf,1e207c05aa32fe2b48795c665f9cf0210c9061cc78b44794deb65d46141b33ec,https://www.sebi.gov.in/sebi_data/attachdocs/jul-2023/1688646484925.pdf,REIT_INVIT,162
sebi-mc-20230707-master-circular-for-issue-and-l-8927a6ef,SEBI,P1,MASTER_CIRCULAR,SEBI_MC_20230707_Master_Circular_for_issue_and_listing_of_Non_convertible_Securities_Se.pdf,8927a6efd6b9923f80d9a6b55bbf104f712dacb952db4bbac7e35ddf2186f766,https://www.sebi.gov.in/sebi_data/attachdocs/jul-2023/1688812243903.pdf,COMPANY,196
sebi-mc-20230711-master-circular-for-compliance--8fe4d5e2,SEBI,P1,MASTER_CIRCULAR,SEBI_MC_20230711_Master_circular_for_compliance_with_the_provisions_of_the_Securities_a.pdf,8fe4d5e227fe45557595d88c053b485fb54d0f12c1c7333550c33e6ddf60bb14,https://www.sebi.gov.in/sebi_data/attachdocs/jul-2023/1689087475880.pdf,COMPANY,230
sebi-mc-20230712-master-circular-for-esg-rating--4b993393,SEBI,P1,MASTER_CIRCULAR,SEBI_MC_20230712_Master_Circular_for_ESG_Rating_Providers_ERPs.pdf,4b993393e69f6e38636d19382106c5678a3ddcca0a5172a47fd6f2f1a384c9b1,https://www.sebi.gov.in/sebi_data/attachdocs/jul-2023/1689164906428.pdf,COMPANY,60
sebi-mc-20230804-master-circular-for-commodity-d-dff1615b,SEBI,P1,MASTER_CIRCULAR,SEBI_MC_20230804_Master_Circular_for_Commodity_Derivatives_Segment.pdf,dff1615bd3957ee1dc427564afb927307c6b45ac7f1388dc015dd71a128c910c,https://www.sebi.gov.in/sebi_data/attachdocs/aug-2023/1691151096694.pdf,COMPANY,348
sebi-mc-20230811-online-resolution-of-disputes-i-6ebbc406,SEBI,P1,MASTER_CIRCULAR,SEBI_MC_20230811_Online_Resolution_of_Disputes_in_the_Indian_Securities_Market.pdf,6ebbc4068c4f5b3b29f0a8e3c4fd6cb43bb02a1be72278f005d2f09d21293c46,https://www.sebi.gov.in/sebi_data/attachdocs/aug-2023/1691751968746.pdf,COMPANY,28
sebi-mc-20231006-master-circular-for-depositorie-aa002c51,SEBI,P1,MASTER_CIRCULAR,SEBI_MC_20231006_Master_Circular_for_Depositories.pdf,aa002c51c69a074910643196c85d5018fee0c5ad98f70b554a17894b966e91c0,https://www.sebi.gov.in/sebi_data/attachdocs/oct-2023/1696831738330.pdf,COMPANY,392
sebi-mc-20231012-master-circular-on-know-your-cl-d1c3acb3,SEBI,P1,MASTER_CIRCULAR,SEBI_MC_20231012_Master_Circular_on_Know_Your_Client_KYC_norms_for_the_securities_marke.pdf,d1c3acb3c9209199dbbff1ce40e89eeb0ff0ef6273793cfdb130a9b3a2dcca5e,https://www.sebi.gov.in/sebi_data/attachdocs/oct-2023/1697120943335.pdf,COMPANY,43
sebi-mc-20231016-master-circular-for-stock-excha-81520351,SEBI,P1,MASTER_CIRCULAR,SEBI_MC_20231016_Master_Circular_for_Stock_Exchanges_and_Clearing_Corporations.pdf,8152035100ab9fd4e251660b925dd806dc53c819769e12c1f2d546da707865fd,https://www.sebi.gov.in/sebi_data/attachdocs/oct-2023/1697460193802.pdf,COMPANY,2
sebi-mc-20231228-master-circular-for-online-reso-40e68a22,SEBI,P1,MASTER_CIRCULAR,SEBI_MC_20231228_Master_Circular_for_Online_Resolution_of_Disputes_in_the_Indian_Securi.pdf,40e68a223b9562a1833c9478f8e78df5a09666da8103bca1e2ac47ccb63388c8,https://www.sebi.gov.in/sebi_data/attachdocs/dec-2023/1703763993735.pdf,COMPANY,29
sebi-mc-20240507-master-circular-for-registrars--accf5eb9,SEBI,P1,MASTER_CIRCULAR,SEBI_MC_20240507_Master_Circular_for_Registrars_to_an_Issue_and_Share_Transfer_Agents.pdf,accf5eb9f53604e81f25ee9796ae44bf2faec81f81d6db1f375453e0c9e6b8e7,https://www.sebi.gov.in/sebi_data/attachdocs/may-2024/1715081550397.pdf,COMPANY,236
sebi-mc-20240510-master-circular-for-custodians-bb1b1963,SEBI,P1,MASTER_CIRCULAR,SEBI_MC_20240510_Master_Circular_for_Custodians.pdf,bb1b1963b22c8c68d08a171b3351ba23d24420a4dbc446083e09733dd156679b,https://www.sebi.gov.in/sebi_data/attachdocs/may-2024/1715353322049.pdf,COMPANY,38
sebi-mc-20240515-master-circular-for-infrastruct-62b5f4f4,SEBI,P1,MASTER_CIRCULAR,SEBI_MC_20240515_Master_Circular_for_Infrastructure_Investment_Trusts_InvITs.pdf,62b5f4f42de0e6b811cd971a4a1e795675cb7027d593a71eabcf30d6a93adce7,https://www.sebi.gov.in/sebi_data/attachdocs/may-2024/1715773721724.pdf,REIT_INVIT,202
sebi-mc-20240515-master-circular-for-infrastruct-efd965f0,SEBI,P1,MASTER_CIRCULAR,SEBI_MC_20240515_Master_Circular_for_Infrastructure_Investment_Trusts_InvITs_Updated.pdf,efd965f0379dc98db3fd4465b0085a95c934f8d09fff1fe668102af1288240a2,https://www.sebi.gov.in/sebi_data/attachdocs/nov-2024/1731580625738.pdf,REIT_INVIT,205
sebi-mc-20240515-master-circular-for-real-estate-d381ac22,SEBI,P1,MASTER_CIRCULAR,SEBI_MC_20240515_Master_Circular_for_Real_Estate_Investment_Trusts_REITs.pdf,d381ac22320b2f49074d543c1371ab8873c1e4150f806245e33d9d211e9c1904,https://www.sebi.gov.in/sebi_data/attachdocs/may-2024/1715773328683.pdf,REIT_INVIT,187
sebi-mc-20240515-master-circular-for-real-estate-c2c5e3fa,SEBI,P1,MASTER_CIRCULAR,SEBI_MC_20240515_Master_Circular_for_Real_Estate_Investment_Trusts_REITs_Updated.pdf,c2c5e3fac6a3f005c37751d94584d37e9aa1f88113edff58b4d05d186e70e813,https://www.sebi.gov.in/sebi_data/attachdocs/nov-2024/1731580754747.pdf,REIT_INVIT,188
sebi-mc-20240516-master-circular-for-credit-rati-aa414130,SEBI,P1,MASTER_CIRCULAR,SEBI_MC_20240516_Master_Circular_for_Credit_Rating_Agencies_CRAs.pdf,aa41413064cc7b916e3a233cbd8de1a5b5e2a8ef885c221dd8ee678e6543667f,https://www.sebi.gov.in/sebi_data/attachdocs/sep-2024/1727347354955.pdf,COMPANY,105
sebi-mc-20240516-master-circular-for-debenture-t-11a9ea00,SEBI,P1,MASTER_CIRCULAR,SEBI_MC_20240516_Master_Circular_for_Debenture_Trustees_DTs.pdf,11a9ea00c6dd8e03c6d3219cc50392a4e705826fac8347dcef0f43ba73667457,https://www.sebi.gov.in/sebi_data/attachdocs/may-2024/1715922862264.pdf,COMPANY,117
sebi-mc-20240516-master-circular-for-esg-rating--cbe5eb1a,SEBI,P1,MASTER_CIRCULAR,SEBI_MC_20240516_Master_Circular_for_ESG_Rating_Providers_ERPs.pdf,cbe5eb1a0c9e5c6ea84dcd5a043822f3661bc283574b2fce1672834734511438,https://www.sebi.gov.in/sebi_data/attachdocs/may-2024/1715855635985.pdf,COMPANY,60
sebi-mc-20240521-master-circular-for-investment--8c48b1a1,SEBI,P1,MASTER_CIRCULAR,SEBI_MC_20240521_Master_Circular_for_Investment_Advisers.pdf,8c48b1a108459b95b396bb1f155e301a87cf456297af53e911dd463f60949cb0,https://www.sebi.gov.in/sebi_data/attachdocs/may-2024/1716290710767.pdf,COMPANY,83
sebi-mc-20240521-master-circular-for-research-an-905187ba,SEBI,P1,MASTER_CIRCULAR,SEBI_MC_20240521_Master_Circular_for_Research_Analysts.pdf,905187ba55675ae1a7ebc08dbbde2da821bd9114b60117c5d3943bb3bc4315a6,https://www.sebi.gov.in/sebi_data/attachdocs/may-2024/1716290553655.pdf,COMPANY,53
sebi-mc-20240521-master-circular-for-listing-obl-8105944f,SEBI,P1,MASTER_CIRCULAR,SEBI_MC_20240521_Master_Circular_for_listing_obligations_and_disclosure_requirements_fo.pdf,8105944f51a53e0258e46f0400d35afbf8269dfab512628b6db2e830b95db6a7,https://www.sebi.gov.in/sebi_data/attachdocs/may-2024/1716288065249.pdf,COMPANY,113
sebi-mc-20240522-master-circular-for-stock-broke-f505e33e,SEBI,P1,MASTER_CIRCULAR,SEBI_MC_20240522_Master_Circular_for_Stock_Brokers.pdf,f505e33eafad62453bd7f8f683000667e92732df14f9b141f791fed3fa1df9c1,https://www.sebi.gov.in/sebi_data/attachdocs/may-2024/1716371484396.pdf,COMPANY,414
sebi-mc-20240522-master-circular-for-issue-and-l-00b03a35,SEBI,P1,MASTER_CIRCULAR,SEBI_MC_20240522_Master_Circular_for_issue_and_listing_of_Non_convertible_Securities_Se.pdf,00b03a359d3d8c91bafc93dffc2be796037065494dbef094ed6bd719e99ac3bc,https://www.sebi.gov.in/sebi_data/attachdocs/may-2024/1716379377576.pdf,COMPANY,214
sebi-mc-20240530-master-circular-for-foreign-por-e743ea0a,SEBI,P1,MASTER_CIRCULAR,SEBI_MC_20240530_Master_Circular_for_Foreign_Portfolio_Investors_Designated_Depository.pdf,e743ea0a8beb72e157d7e35a9be1ba9285ae70e30ce25a20d9e3621a76b54faf,https://www.sebi.gov.in/sebi_data/attachdocs/may-2024/1717066343989.pdf,COMPANY,68
sebi-mc-20240603-master-circular-for-bankers-to--c6681963,SEBI,P1,MASTER_CIRCULAR,SEBI_MC_20240603_Master_Circular_for_Bankers_to_an_Issue.pdf,c66819639153e431226b7920f7dcbfcfee445c38c83305b211029d218a5f48a1,https://www.sebi.gov.in/sebi_data/attachdocs/jun-2024/1717415901263.pdf,COMPANY,42
sebi-mc-20240606-guidelines-on-anti-money-launde-450620ca,SEBI,P1,MASTER_CIRCULAR,SEBI_MC_20240606_Guidelines_on_Anti_Money_Laundering_AML_Standards_and_Combating_the_Fi.pdf,450620ca8f82da6ea3ef1af428f75b45edcd822af4a4c214c2c49c434d5b469d,https://www.sebi.gov.in/sebi_data/attachdocs/jun-2024/1717664538363.pdf,COMPANY,37
sebi-mc-20240607-master-circular-for-portfolio-m-cd9cc00a,SEBI,P1,MASTER_CIRCULAR,SEBI_MC_20240607_Master_Circular_for_Portfolio_Managers.pdf,cd9cc00a746581fe39e56a777b95c231f617bb654c29de24e472c9fe30a499a2,https://www.sebi.gov.in/sebi_data/attachdocs/jun-2024/1717762752754.pdf,COMPANY,175
sebi-mc-20240624-master-circular-for-electronic--fedf1d32,SEBI,P1,MASTER_CIRCULAR,SEBI_MC_20240624_Master_Circular_for_Electronic_Gold_Receipts_EGRs.pdf,fedf1d32f64c50d7868defb31bf123dd39b64030907e578bba23764565a23ca4,https://www.sebi.gov.in/sebi_data/attachdocs/jun-2024/1719227438473.pdf,COMPANY,56
sebi-mc-20240627-master-circular-for-mutual-fund-c01735fc,SEBI,P1,MASTER_CIRCULAR,SEBI_MC_20240627_Master_Circular_for_Mutual_Funds.pdf,c01735fc579274c9f37cd3c3d5435d1db241e92df30e5b4a8ff5dc4c2e5fa134,https://www.sebi.gov.in/sebi_data/attachdocs/jun-2024/1719488538007.pdf,COMPANY,828
sebi-mc-20240709-master-circular-on-surveillance-07c58941,SEBI,P1,MASTER_CIRCULAR,SEBI_MC_20240709_Master_Circular_on_Surveillance_of_Securities_Market.pdf,07c58941cc7f90279eed7e517fa43eac485a3af8c8e253d99c799812acb3f2a9,https://www.sebi.gov.in/sebi_data/attachdocs/jul-2024/1720528330792.pdf,COMPANY,28
sebi-mc-20240809-master-circular-for-stock-broke-a6a30dd4,SEBI,P1,MASTER_CIRCULAR,SEBI_MC_20240809_Master_Circular_for_Stock_Brokers.pdf,a6a30dd46ec3230348400e38b50707cb2aa2634de07a48ea02602cdb76a55822,https://www.sebi.gov.in/sebi_data/attachdocs/aug-2024/1723438086672.pdf,COMPANY,419
sebi-mc-20240923-master-circular-on-surveillance-38b59625,SEBI,P1,MASTER_CIRCULAR,SEBI_MC_20240923_Master_Circular_on_Surveillance_of_Securities_Market.pdf,38b596252ad72ec967ca7e3b16a4b435fcaf72a595fd0f5d3a84d758ae6bb236,https://www.sebi.gov.in/sebi_data/attachdocs/sep-2024/1727094551693.pdf,COMPANY,28
sebi-mc-20241111-master-circular-for-issue-of-ca-dc1b8671,SEBI,P1,MASTER_CIRCULAR,SEBI_MC_20241111_Master_Circular_for_Issue_of_Capital_and_Disclosure_Requirements.pdf,dc1b8671c4dc2afcebc0bbbde466c7b9d478755e4d8e32a9a9f2cf94828b6179,https://www.sebi.gov.in/sebi_data/attachdocs/nov-2024/1731410160186.pdf,COMPANY,132
sebi-mc-20241111-master-circular-for-compliance--10f9ddcf,SEBI,P1,MASTER_CIRCULAR,SEBI_MC_20241111_Master_circular_for_compliance_with_the_provisions_of_the_Securities_a.pdf,10f9ddcfe2694fc9c0f102c479a1decd6a25697cbefe6782b39aa60884161b62,https://www.sebi.gov.in/sebi_data/attachdocs/nov-2024/1731408456573.pdf,COMPANY,261
sebi-mc-20241203-master-circular-for-depositorie-bc113d4f,SEBI,P1,MASTER_CIRCULAR,SEBI_MC_20241203_Master_Circular_for_Depositories.pdf,bc113d4f5cdf811adb8db5f73c7bf98fd612e27bf0caeb31af67a9a9f69d16a4,https://www.sebi.gov.in/sebi_data/attachdocs/dec-2024/1733233982158.pdf,COMPANY,309
sebi-mc-20241230-master-circular-for-stock-excha-251ede45,SEBI,P1,MASTER_CIRCULAR,SEBI_MC_20241230_Master_Circular_for_Stock_Exchanges_and_Clearing_Corporations.pdf,251ede452579cb403c34bab49217a2641ec8457a7471b2197e5bd1627bdd31fe,https://www.sebi.gov.in/sebi_data/attachdocs/jan-2025/1736760771912.pdf,COMPANY,4
sebi-mc-20250617-master-circular-for-stock-broke-e268b5a1,SEBI,P1,MASTER_CIRCULAR,SEBI_MC_20250617_Master_Circular_for_Stock_Brokers.pdf,e268b5a1971c4d366872c371b986f03ab7f78c5311af84ef9023605ca2e4c190,https://www.sebi.gov.in/sebi_data/attachdocs/jun-2025/1750158789381.pdf,COMPANY,399
sebi-mc-20250623-master-circular-for-registrars--2d9f7b12,SEBI,P1,MASTER_CIRCULAR,SEBI_MC_20250623_Master_Circular_for_Registrars_to_an_Issue_and_Share_Transfer_Agents.pdf,2d9f7b121b4590111f5522f88ff96f2d3f18d29e68ffc91c41d9d4dec082e661,https://www.sebi.gov.in/sebi_data/attachdocs/jun-2025/1750678372996.pdf,COMPANY,231
sebi-mc-20250627-master-circular-for-investment--d6ccc707,SEBI,P1,MASTER_CIRCULAR,SEBI_MC_20250627_Master_Circular_for_Investment_Advisers.pdf,d6ccc7078c571dcbf2760b5c0b1ca623588ee27cf0560ad6b9ed181f1c04471e,https://www.sebi.gov.in/sebi_data/attachdocs/jun-2025/1751022988074.pdf,COMPANY,94
sebi-mc-20250627-master-circular-for-research-an-f5912ee8,SEBI,P1,MASTER_CIRCULAR,SEBI_MC_20250627_Master_Circular_for_Research_Analysts.pdf,f5912ee8490e8ff5d7a709fb9e29077d5054da1a6d8d98252f897a99e40fa318,https://www.sebi.gov.in/sebi_data/attachdocs/jun-2025/1751025804218.pdf,COMPANY,87
sebi-mc-20250711-master-circular-for-credit-rati-4f4d3670,SEBI,P1,MASTER_CIRCULAR,SEBI_MC_20250711_Master_Circular_for_Credit_Rating_Agencies_CRAs.pdf,4f4d3670f9d0afdd0e1735a2f72f612e0f21410039d7403ffb06edd9be871eff,https://www.sebi.gov.in/sebi_data/attachdocs/jul-2025/1752231798161.pdf,COMPANY,109
sebi-mc-20250711-master-circular-for-esg-rating--09a6ba33,SEBI,P1,MASTER_CIRCULAR,SEBI_MC_20250711_Master_Circular_for_ESG_Rating_Providers_ERPs.pdf,09a6ba33f5f2b5da02f18c80e653a3c8ce4361728b7f604c34ab584ba691b0ae,https://www.sebi.gov.in/sebi_data/attachdocs/jul-2025/1752231702474.pdf,COMPANY,68
sebi-mc-20250711-master-circular-for-infrastruct-536b4f57,SEBI,P1,MASTER_CIRCULAR,SEBI_MC_20250711_Master_Circular_for_Infrastructure_Investment_Trusts_InvITs.pdf,536b4f570e3a77a9ddaab6bbe4a70a1af1d71fa475555127daaa5ecbe5ce788d,https://www.sebi.gov.in/sebi_data/attachdocs/jul-2025/1752576381910.pdf,REIT_INVIT,237
sebi-mc-20250711-master-circular-for-real-estate-dd087f99,SEBI,P1,MASTER_CIRCULAR,SEBI_MC_20250711_Master_Circular_for_Real_Estate_Investment_Trusts_REITs.pdf,dd087f994d6daa3a5664537e641172417f4ef887e997d872e7f8ae98b7cb9dbf,https://www.sebi.gov.in/sebi_data/attachdocs/jul-2025/1752236189221.pdf,REIT_INVIT,216
sebi-mc-20250711-master-circular-for-listing-obl-d0aed4fb,SEBI,P1,MASTER_CIRCULAR,SEBI_MC_20250711_Master_Circular_for_listing_obligations_and_disclosure_requirements_fo.pdf,d0aed4fb1a5e5ef1d9149e4ddfae0154d9c7a6a82dd103f9d00d68f347ad7106,https://www.sebi.gov.in/sebi_data/attachdocs/jul-2025/1752233667904.pdf,COMPANY,114
sebi-mc-20250716-master-circular-for-portfolio-m-acb45418,SEBI,P1,MASTER_CIRCULAR,SEBI_MC_20250716_Master_Circular_for_Portfolio_Managers.pdf,acb454182b611adcf894e0b58abc2e4741077664a2f0c3052498cd24dedd8498,https://www.sebi.gov.in/sebi_data/attachdocs/jul-2025/1752664428748.pdf,COMPANY,207
sebi-mc-20250813-master-circular-for-debenture-t-825c002c,SEBI,P1,MASTER_CIRCULAR,SEBI_MC_20250813_Master_Circular_for_Debenture_Trustees_DTs.pdf,825c002c31fc9143482101a4bd555000e7520bc6ef68732ace78e1997e3feff8,https://www.sebi.gov.in/sebi_data/attachdocs/aug-2025/1755087354414.pdf,COMPANY,122
sebi-mc-20251015-master-circular-for-issue-and-l-57a07691,SEBI,P1,MASTER_CIRCULAR,SEBI_MC_20251015_Master_Circular_for_issue_and_listing_of_Non_convertible_Securities_Se.pdf,57a076910ad9e4477261aab3a5444025ec329c33201bc1211699d9f42c520b16,https://www.sebi.gov.in/sebi_data/attachdocs/oct-2025/1760532257519.pdf,COMPANY,215
sebi-mc-20260119-master-circular-for-framework-o-c74df98e,SEBI,P1,MASTER_CIRCULAR,SEBI_MC_20260119_Master_Circular_for_Framework_on_Social_Stock_Exchange.pdf,c74df98e946110cf3e822b7c244fe7e06a99de9991850c7d6628a37b52babeda,https://www.sebi.gov.in/sebi_data/attachdocs/jan-2026/1768907353144.pdf,COMPANY,31
sebi-mc-20260206-master-circular-for-investment--ab1d6f24,SEBI,P1,MASTER_CIRCULAR,SEBI_MC_20260206_Master_Circular_for_Investment_Advisers.pdf,ab1d6f24e184cc2766052b9c3a0fc28ee237b9c2e02fae8d5129f5dd1970cdce,https://www.sebi.gov.in/sebi_data/attachdocs/feb-2026/1770375291405.pdf,COMPANY,99
sebi-mc-20260206-master-circular-for-registrars--941c0ead,SEBI,P1,MASTER_CIRCULAR,SEBI_MC_20260206_Master_Circular_for_Registrars_to_an_Issue_and_Share_Transfer_Agents.pdf,941c0ead482767390be4e4af36d863372c3da8d1242f6f97903d4ef5671d4226,https://www.sebi.gov.in/sebi_data/attachdocs/feb-2026/1770374720586.pdf,COMPANY,294
sebi-mc-20260206-master-circular-for-research-an-a5f6855f,SEBI,P1,MASTER_CIRCULAR,SEBI_MC_20260206_Master_Circular_for_Research_Analysts.pdf,a5f6855f6c036b7f29ea82db4bcdc62fbf35c17fd79a65fd3bbfc52d9c2a2742,https://www.sebi.gov.in/sebi_data/attachdocs/feb-2026/1770375507051.pdf,COMPANY,107
sebi-mc-20260320-master-circular-for-mutual-fund-6402ffa7,SEBI,P1,MASTER_CIRCULAR,SEBI_MC_20260320_Master_Circular_for_Mutual_Funds.pdf,6402ffa74560ab58c591c736e0da02e85b7c4d8de6690d46f9da366e6e4804e3,https://www.sebi.gov.in/sebi_data/attachdocs/mar-2026/1774024028162.pdf,COMPANY,748
sebi-mc-20260515-master-circular-on-surveillance-8191b73c,SEBI,P1,MASTER_CIRCULAR,SEBI_MC_20260515_Master_Circular_on_Surveillance_of_Securities_Market.pdf,8191b73c0ce55022990dbc10f929caa40a078a827b4865d8acffbef589bc44fb,https://www.sebi.gov.in/sebi_data/attachdocs/may-2026/1778851789798.pdf,COMPANY,38
sebi-mc-20260603-master-circular-for-alternative-ad8253cd,SEBI,P1,MASTER_CIRCULAR,SEBI_MC_20260603_Master_Circular_for_Alternative_Investment_Funds_AIFs.pdf,ad8253cdeee559f8b8b611b8fb5b1bac8fc173537d3d89fc3471fd9dbdb79b61,https://www.sebi.gov.in/sebi_data/attachdocs/sep-2026/1789554609420.pdf,COMPANY,153
sebi-mc-20260714-master-circular-for-merchant-ba-e4f871e2,SEBI,P1,MASTER_CIRCULAR,SEBI_MC_20260714_Master_Circular_for_Merchant_Bankers.pdf,e4f871e2fc41635e013639cd621526ecc87576d9ea188717eb014720790a36d3,https://www.sebi.gov.in/sebi_data/attachdocs/jul-2026/1784029390357.pdf,COMPANY,105
281-qip-invits-0-20260504153924-8caab4a5,NSE,P2,UNKNOWN,281_QIP_InvITs_0_20260504153924.docx,8caab4a5910d6c10b8062405cd8b62dc42a513dec47597d3a45844920f0e9ddd,,REIT_INVIT,1
281-qip-reits-0-20260504154156-975ba7b5,NSE,P2,CHECKLIST,281_QIP_REITS_0_20260504154156.docx,975ba7b504883e435d77731b015b9786d977e55225a7be2b03d561b2fe36db1e,,REIT_INVIT,1
checklist-recommencement-of-trading-e30818a4,NSE,P2,CHECKLIST,Checklist_Recommencement_of_Trading.xlsx,e30818a46e615597695fc36f2c26d979a9681875c9928691d90be21a5ba463d3,,COMPANY,2
form-of-listing-aplication-487b76f1,NSE,P2,LISTING_REQUIREMENT,Form of Listing Aplication.docx,487b76f1350ecdb230721c8fe1a71acf8be3e83c03aee9072669ae51ba089c9d,,COMPANY,1
companies-prospectus-and-allotment-of-securities-1f737c30,MCA,P0,RULE,Companies (Prospectus and Allotment of Securities) Rules.pdf,1f737c304cbe9de4a6b2d87da2b94bca32b25ee00335f64cde13003f5d2a2ecd,,COMPANY,11
companies-share-capital-and-debentures-rules-64039399,MCA,P0,RULE,Companies (Share Capital and Debentures) Rules.pdf,640393992f3e8acfcb4d8fb4b1d38a3b4b4a1b06242b0838bd2d6a5b10941423,,COMPANY,25
companies-act-2013-325a7d09,MCA,P0,ACT,Companies Act 2013.pdf,325a7d09574541cd2cd48f558c42d8a8f9109830a271007c46196caa6675a832,,COMPANY,288
download-post-allotment-a57e1202,NSE,P2,CHECKLIST,Download Post-Allotment.docx,a57e120201dcba4777049afc7a945c5a2b922cf2a2850f9db47605704ecb6b87,,COMPANY,1
points-to-remember-post-allotment-f6a19833,UNKNOWN,P3,UNKNOWN,Points to remember_post allotment.docx,f6a198339a9780062db4f20dec3688e3f74eac61a36caa2f26ef26995b4997a0,,COMPANY,1
download-pre-allotment-ace085af,NSE,P2,CHECKLIST,Download_Pre-Allotment_.docx,ace085af823ff28b152e2f975be94ba62ae43594a45773b9e37f580accc283bb,,COMPANY,1
part-i-d6ff87e8,NSE,P2,UNKNOWN,Part I.pdf,d6ff87e89be7478c879fc14a56126b3e4b2182122e2d9539c31d4e62f94cd031,,COMPANY,1
part-ii-e68713a9,NSE,P2,UNKNOWN,Part II.pdf,e68713a9730accb50df737745772caa8aefb8fe1a2907974ec0d53aec84d14df,,COMPANY,2
t-2-fpo-abe9b620,NSE,P2,UNKNOWN,T+2 FPO.pdf,abe9b620ced680725a51215c7f7c24948d8af5d8fc006306f1bb5cbfa00923f6,,COMPANY,2
t-3-fpo-if-nse-is-not-designated-stock-exchange-6e2c4256,NSE,P2,UNKNOWN,T+3 FPO if NSE is not Designated Stock Exchange.pdf,6e2c4256ccf073ed7c628b06b9f3f80812b728b13535a93c91bd674ab61d98aa,,COMPANY,1
t-3-fpo-cccb7af1,NSE,P2,UNKNOWN,T+3 FPO.pdf,cccb7af15d31ebc0e7e61dd0c7d792bc4638eea9589253842d83ce8f47d36d06,,COMPANY,3
t-4-fpo-c058fc65,NSE,P2,UNKNOWN,T+4 FPO.pdf,c058fc65cca6e50b8d4ca3b417a9623a8bb465f2279280efbd2b8d08ea261d19,,COMPANY,4
t-5-fpo-636f879e,NSE,P2,UNKNOWN,T+5 FPO.pdf,636f879e98cdacf66586637c228027f8ccd27e97d60d8d672f6284fc73416fd2,,COMPANY,1
fpo-inprinciple-checklist-revised-21d7cd1a,NSE,P2,CHECKLIST,FPO_Inprinciple_Checklist_Revised.pdf,21d7cd1abb5413798c2fd4cc7e956c37b91c8acc6dc5e70e908ebd47b3a90a30,,COMPANY,7
final-listing-preferential-14b337d2,NSE,P2,CHECKLIST,Final_Listing_Preferential.docx,14b337d20c407cbba18e741e763bace1b0188534f77a549fcf847ff3b37b440a,,COMPANY,1
final-listing-preferential-reit-7a090df0,UNKNOWN,P2,CHECKLIST,Final_Listing_Preferential_REIT.doc,7a090df0a372c7524b1b231ee677bdd9f15fa62841076b53264292a54a6859b2,,REIT_INVIT,1
form-pas-3-71132ad1,MCA,P2,FORM,Form PAS-3.pdf,71132ad186eb4745da0fa89f43b4ca75014f611cdeb381fa9a150c099f5ce72a,,COMPANY,5
inprinciple-approval-invits-0-1-e53ff681,UNKNOWN,P2,CHECKLIST,InPrinciple_Approval_InvITs_0_1.docx,e53ff681efa23e9e72710037723780fd4d6f6c96ffa3ea5141130793a5ffbbf7,,REIT_INVIT,1
inprinciple-approval-reit-0-0-8b1d3e9b,UNKNOWN,P2,CHECKLIST,InPrinciple_Approval_REIT_0_0.docx,8b1d3e9b4ce6ce0a85ffe11f4c5e3b26bd9c3079d249dbf2eff3305b6e69aa40,,REIT_INVIT,1
mca-instruction-kit-mgt-14-0f8c29ea,MCA,P2,INSTRUCTION_KIT,MCA Instruction Kit MGT-14.pdf,0f8c29ead7e5b499a0870f9fc6c804ddd906ef315a09de5e8e4495565f1620d1,,COMPANY,15
mca-instruction-kit-sh-7-25a9e662,MCA,P2,INSTRUCTION_KIT,MCA Instruction Kit SH-7.pdf,25a9e662b3dcde872397561d9f6d02fb74d6e86f2cee91bb44a7451be413dd2b,,COMPANY,25
post-allotment-sweat-equity-0-0-85b03e42,NSE,P2,CHECKLIST,Post Allotment ( Sweat Equity )_0_0.docx,85b03e429cf18ed6f5fc39c98a58777971760e36276186f9500498d757bbf102,,COMPANY,1
post-allotment-invits-0-0-20260504153537-fe5d5a08,NSE,P2,CHECKLIST,Post_allotment_InvITs_0_0_20260504153537.docx,fe5d5a081c0ad52d0c00cd1a6958246d2ba6c090c1818a3b7ad79e5f3a7fb9a5,,REIT_INVIT,1
post-allotment-rights-0-dd3e7518,NSE,P2,CHECKLIST,Post_allotment_Rights_0.docx,dd3e7518d9f112cf02e01b8cb1dae807f1bbfb420cd7a3b63c0ce816d955036e,,COMPANY,1
post-allotment-pref-reit-0-20260504153658-dde2a535,NSE,P2,CHECKLIST,Post_allotment__Pref_REIT_0_20260504153658.docx,dde2a535531e6e74b1f04f06cd047d4998a164fc8f4adf628bb027a2c2097b32,,REIT_INVIT,1
pre-allotment-sweat-equity-4226094c,NSE,P2,CHECKLIST,Pre-allotment_(Sweat Equity).docx,4226094ca7af070f1fda75242459560fc3eb4291c83a9599807f80eb79102cda,,COMPANY,1
checklist-preferential-issue-pre-ffe507ab,UNKNOWN,P2,CHECKLIST,Checklist_Preferential_issue_Pre.docx,ffe507ab14abd6afe22390a0eb4c36dcdec0c32546e6e28a1cbaa57ca0cda291,,COMPANY,1
extract-of-icdr-189995d8,UNKNOWN,P3,UNKNOWN,Extract of ICDR.pdf,189995d831638b9fe6d2bb0beadf79ca48b18375ccc49344623c77ba5506b7a3,,COMPANY,21
points-to-remember-28-1-6be45481,UNKNOWN,P3,UNKNOWN,Points to remember_28(1).docx,6be45481161341e460fd5374938c6aa5290db6e32de5487e8549e1e26e3fb3e1,,COMPANY,1
preferential-issue-faqs-0d8e781e,NSE,P2,UNKNOWN,Preferential Issue_FAQs.docx,0d8e781e406e277233e15effd04ee5644ff82ae92f844e5d46c599760b0d8251,,COMPANY,1
qip-post-allotment-0-0-d035add2,NSE,P2,CHECKLIST,QIP_Post_Allotment_0_0.docx,d035add2de2f8302dd803838731f2617030d469dbcef92081f6001294fba290e,,COMPANY,1
qip-post-allotment-invits-0-20260504154107-88791754,NSE,P2,CHECKLIST,QIP_Post_Allotment_InvITs_0_20260504154107.docx,88791754c57ee158a85d84dd91a84a15ecf9bb3c084a9d02470367412fa218f5,,REIT_INVIT,1
qip-post-allotment-reits-0-20260504154256-0eb97980,NSE,P2,CHECKLIST,QIP_Post_Allotment_REITS_0_20260504154256.docx,0eb9798042c84e5871f1c6a88664a44984fae8edd3ebb2e6e06911518e4b0097,,REIT_INVIT,1
in-principle-approval-rights-c26498ff,NSE,P2,CHECKLIST,In_principle_approval_-_Rights.docx,c26498ffdf85d6c57cbd0a61accb39818131590c924b0e8acf82cfcaca48fbd0,,REIT_INVIT,1
post-allotment-rights-22c13151,UNKNOWN,P2,CHECKLIST,Post_allotment-Rights.docx,22c13151b06592485283a5474cf8430d883370bdc090ac0ad1663a2ff88c1631,,REIT_INVIT,1
rights-entitlement-checklist-final-54a200b1,NSE,P2,CHECKLIST,Rights_Entitlement_-_Checklist_-_Final.docx,54a200b14ca4f5423704ab47190ab2fe515fb3a0092b56555dff8e91ddbbce15,,REIT_INVIT,1
trading-approval-5ee5125b,UNKNOWN,P2,CHECKLIST,Trading_Approval.docx,5ee5125b71f577a286591dafcb6a799ddb72d5be43f8cef53ada56a00d6b7943,,REIT_INVIT,1
rights-entitlement-checklist-e0bcaa00,NSE,P2,CHECKLIST,Rights_Entitlement_Checklist.pdf,e0bcaa0095df8475dd80d4bc8c6c5c30e6a6e701539968cdabfe7b060026ba18,,COMPANY,3
sebi-depositories-participants-regulations-fb150ec0,SEBI,P0,REGULATION,SEBI Depositories & Participants Regulations.pdf,fb150ec0a09ebfa735e5c298c54ec0f0ac6a16db0f4428a619eac799774cac53,,COMPANY,81
sebi-icdr-master-circular-1f6763cd,SEBI,P1,MASTER_CIRCULAR,SEBI ICDR Master Circular.pdf,1f6763cdb3a30061802e117d5615ec16a2e97d25dfe0c09a3144f449bc1d7ce0,https://www.sebi.gov.in/sebi_data/attachdocs/feb-2026/1770636136785.pdf,COMPANY,144
sebi-icdr-regulations-db196f1f,SEBI,P0,REGULATION,SEBI ICDR Regulations.pdf,db196f1f33dc5ee9346388a7241cd9416942ec8f8bc3826e74f9403b0ca0fcc6,,COMPANY,475
sebi-lodr-master-circular-fa3b4360,SEBI,P1,MASTER_CIRCULAR,SEBI LODR Master Circular.pdf,fa3b4360d2a86be611ecc44350baf0cbcb5eec97286dd1a6e553f94efdf1b99b,https://www.sebi.gov.in/sebi_data/attachdocs/jan-2026/1769776024792.pdf,COMPANY,291
sebi-lodr-regulations-62626bd8,SEBI,P0,REGULATION,SEBI LODR Regulations.pdf,62626bd86a48184b7ef99bc3fc3dd38202559c227674a067aee577d98c687c8a,,COMPANY,231
sebi-pit-regulations-3e146320,SEBI,P0,REGULATION,SEBI PIT Regulations.pdf,3e14632093a11d5ced286205c744c7bec68df9c261cb8dcd6017b477e285f4b1,,COMPANY,82
sebi-sast-regulations-f3486698,SEBI,P0,REGULATION,SEBI SAST Regulations.pdf,f34866984eed83113ed920a7d5194d72972a7c199fdbae7c958aff197f4fc29a,,COMPANY,79
sebi-sbeb-sweat-equity-regulations-275c3965,SEBI,P0,REGULATION,SEBI SBEB & Sweat Equity Regulations.pdf,275c396520a48747aff9a52d384ab86d58d5ea7dc64bdedd3bca4726ab9f21f8,,COMPANY,45
trading-approval-557b966e,NSE,P2,UNKNOWN,Trading_Approval.docx,557b966e9f9b6cc7c12025ef87dba5546129f05fbb58264ea7843fcb44615039,,COMPANY,1
trading-approval-fast-track-a025d50d,NSE,P2,UNKNOWN,Trading_Approval_Fast_Track.docx,a025d50dbb2306a43b6dc3a158da4b2646169626fa3f941da4399a63c470b874,,COMPANY,1
trading-approval-invits-f28b7302,NSE,P2,UNKNOWN,Trading_Approval_InvITs.docx,f28b7302138c59ecbfb29c9bdb446f5fea49719958f619e6eb53b70235efca7c,,REIT_INVIT,1
the-companies-management-and-administration-rule-55296434,MCA,P0,RULE,the-companies-management-and-administration-rules-2014-.pdf,55296434c651dff6c805992bfd96ed085faf0ca14d74fbf38323b03395c62498,,COMPANY,41
the-companies-registration-offices-and-fees-rule-b0be2898,MCA,P0,RULE,the-companies-registration-offices-and-fees-rules-2014.pdf,b0be2898fc93f58ae09e4a2f391f933f76865b19a6cb7400d009e15ed524a2c4,,COMPANY,36
